date_recommended,date_match,sport,country,sex,market,home,away,outcome,odds,probability,ev,kelly_frac,bet_amount,info,win,pnl,currency_original,booker,source
2025-02-12,2025-02-12,handball,iceland,male,outcome,Haukar,ÍBV,home,1.65,0.735,0.21274999999999994,NA,750,NA,TRUE,488,EUR,EpicBet,gsheets
2025-02-13,2025-02-13,handball,iceland,male,outcome,Afturelding,HK,away,7,0.18,0.26,NA,150,NA,FALSE,-150,EUR,CoolBet,gsheets
2025-02-13,2025-02-13,handball,iceland,male,totals,Grótta,Stjarnan,under,1.9,0.601,0.14189999999999992,NA,150,NA,TRUE,135,EUR,CoolBet,gsheets
2025-02-12,2025-02-13,handball,iceland,male,outcome,KA,Fram,away,1.6,0.64,0.024000000000000077,NA,150,NA,TRUE,90,EUR,EpicBet,gsheets
2025-02-13,2025-02-13,handball,iceland,male,totals,KA,Fram,over,1.9,0.63075,0.19842499999999996,NA,150,NA,TRUE,135,EUR,CoolBet,gsheets
2025-02-13,2025-02-14,handball,iceland,male,outcome,Fjölnir,FH,away,1.22,0.92,0.12240000000000004,NA,1500,NA,TRUE,330,EUR,CoolBet,gsheets
2025-02-13,2025-02-14,handball,iceland,male,handicap,Fjölnir,FH,away,1.9,0.60775,0.154725,NA,450,NA,TRUE,405,EUR,CoolBet,gsheets
2025-02-13,2025-02-14,handball,iceland,male,totals,Fjölnir,FH,under,1.9,0.6385,0.21314999999999984,NA,450,NA,FALSE,-450,EUR,EpicBet,gsheets
2025-02-15,2025-02-15,basketball,iceland,female,outcome,Grindavík,Aþena,away,3.72,0.334,0.24248000000000014,NA,150,NA,FALSE,-150,EUR,EpicBet,gsheets
2025-02-15,2025-02-15,basketball,iceland,female,handicap,Grindavík,Aþena,away,1.87,0.605,0.13135000000000008,NA,300,-9.5,FALSE,-300,EUR,EpicBet,gsheets
2025-02-15,2025-02-15,basketball,iceland,female,totals,Grindavík,Aþena,under,1.87,0.85925,0.6067975,NA,300,153.5,FALSE,-300,EUR,CoolBet,gsheets
2025-02-14,2025-02-15,handball,iceland,female,outcome,Fram,Selfoss,home,1.2,0.8575,0.028999999999999998,NA,300,NA,TRUE,60,EUR,EpicBet,gsheets
2025-02-14,2025-02-15,handball,iceland,female,handicap,Fram,Selfoss,home,1.9,0.5865,0.11434999999999995,NA,150,NA,FALSE,-150,EUR,EpicBet,gsheets
2025-02-14,2025-02-15,handball,iceland,female,totals,Fram,Selfoss,over,1.9,0.59925,0.1385749999999999,NA,150,NA,TRUE,135,EUR,EpicBet,gsheets
2025-02-14,2025-02-15,handball,iceland,female,totals,Fram,Selfoss,under,1.9,0.6545,0.24354999999999993,NA,150,NA,FALSE,-150,EUR,CoolBet,gsheets
2025-02-13,2025-02-15,handball,iceland,male,outcome,ÍR,Valur,home,11,0.1,0.09999999999999998,NA,150,NA,FALSE,-150,EUR,EpicBet,gsheets
2025-02-13,2025-02-15,handball,iceland,male,totals,ÍR,Valur,over,1.9,0.60225,0.14427499999999982,NA,450,63.5,TRUE,405,EUR,CoolBet,gsheets
2025-02-13,2025-02-15,handball,iceland,male,handicap,ÍR,Valur,home,1.9,0.6225,0.18275000000000008,NA,300,7.5,FALSE,-300,EUR,EpicBet,gsheets
2025-02-13,2025-02-15,handball,iceland,male,outcome,ÍR,Valur,home,15,0.1,0.5000000000000001,NA,150,NA,FALSE,-150,EUR,EpicBet,gsheets
2025-02-14,2025-02-15,handball,iceland,female,totals,Stjarnan,ÍR,under,1.9,0.558,0.06020000000000003,NA,150,NA,TRUE,135,EUR,CoolBet,gsheets
2025-02-14,2025-02-15,handball,iceland,female,handicap,Stjarnan,ÍR,away,1.85,0.6385,0.18122499999999997,NA,150,NA,TRUE,128,EUR,EpicBet,gsheets
2025-02-14,2025-02-15,handball,iceland,female,handicap,Stjarnan,ÍR,away,1.75,0.70575,0.23506249999999995,NA,150,NA,TRUE,112,EUR,CoolBet,gsheets
2025-02-14,2025-02-15,handball,iceland,female,outcome,Stjarnan,ÍR,away,2.4,0.6025,0.44600000000000006,NA,300,NA,TRUE,420,EUR,EpicBet,gsheets
2025-02-14,2025-02-15,handball,iceland,female,outcome,Stjarnan,ÍR,away,2.5,0.6025,0.5062500000000001,NA,150,NA,TRUE,225,EUR,CoolBet,gsheets
2025-02-15,2025-02-16,basketball,iceland,female,handicap,Keflavík,Haukar,away,1.87,0.64875,0.21316250000000014,NA,150,-4,TRUE,131,EUR,CoolBet,gsheets
2025-02-15,2025-02-16,basketball,iceland,female,outcome,Keflavík,Haukar,away,2.35,0.52325,0.22963750000000005,NA,150,NA,TRUE,202,EUR,CoolBet,gsheets
2025-02-15,2025-02-16,basketball,iceland,female,outcome,Tindastóll,Hamar/Þór,away,4,0.3205,0.28200000000000003,NA,150,NA,TRUE,450,EUR,EpicBet,gsheets
2025-02-15,2025-02-16,basketball,iceland,female,outcome,Valur,Njarðvík,under,1.88,0.7495,0.40906,NA,300,152.5,FALSE,-300,EUR,CoolBet,gsheets
2025-02-16,2025-02-16,football,england,male,outcome,Tottenham,Man United,home,2.35,0.5575,0.310125,NA,150,NA,TRUE,202,EUR,EpicBet,gsheets
2025-02-16,2025-02-16,football,england,male,totals,Tottenham,Man United,under,1.9,0.61075,0.16042499999999993,NA,150,3.25,TRUE,135,EUR,EpicBet,gsheets
2025-02-15,2025-02-16,handball,iceland,male,outcome,ÍBV,Grótta,home,1.33,0.77675,0.03307750000000015,NA,300,NA,TRUE,99,EUR,EpicBet,gsheets
2025-02-15,2025-02-16,handball,iceland,male,totals,ÍBV,Grótta,under,1.88,0.603,0.13363999999999987,NA,300,61.5,TRUE,264,EUR,EpicBet,gsheets
2025-02-18,2025-02-18,handball,iceland,female,outcome,Valur,Selfoss,home,1.14,0.96925,0.10494499999999984,NA,1500,NA,TRUE,210,EUR,EpicBet,gsheets
2025-02-18,2025-02-18,handball,iceland,female,handicap,Valur,Selfoss,home,1.9,0.628,0.19319999999999993,NA,450,-7.5,TRUE,405,EUR,EpicBet,gsheets
2025-02-18,2025-02-19,handball,iceland,female,outcome,Haukar,Stjarnan,home,1.18,0.91275,0.07704499999999989,NA,750,NA,TRUE,135,EUR,EpicBet,gsheets
2025-02-18,2025-02-19,handball,iceland,female,totals,Haukar,Stjarnan,over,1.9,0.678,0.2882,NA,450,49.5,TRUE,405,EUR,EpicBet,gsheets
2025-02-18,2025-02-20,handball,iceland,male,outcome,FH,Grótta,home,1.22,0.87025,0.06170499999999993,NA,450,NA,TRUE,99,EUR,CoolBet,gsheets
2025-02-18,2025-02-20,handball,iceland,male,totals,FH,Grótta,under,1.9,0.61775,0.17372500000000002,NA,150,58.5,TRUE,135,EUR,CoolBet,gsheets
2025-02-18,2025-02-20,handball,iceland,male,totals,Fram,ÍR,over,1.9,0.76175,0.447325,NA,450,63.5,TRUE,405,EUR,CoolBet,gsheets
2025-02-18,2025-02-20,handball,iceland,male,outcome,Valur,Fjölnir,home,1.05,0.96825,0.0166625000000001,NA,600,NA,TRUE,30,EUR,CoolBet,gsheets
2025-02-16,2025-02-21,football,england,male,totals,Leicester,Brentford,under,1.97,0.62975,0.24060750000000009,NA,150,3,FALSE,-150,EUR,EpicBet,gsheets
2025-02-17,2025-02-21,football,england,male,totals,Leicester,Brentford,under,1.96,0.66525,0.30389,NA,300,3,FALSE,-300,EUR,CoolBet,gsheets
2025-02-17,2025-02-21,football,england,male,handicap,Leicester,Brentford,home,2.09,0.568,0.18711999999999984,NA,150,0.25,FALSE,-150,EUR,EpicBet,gsheets
2025-02-18,2025-02-21,handball,iceland,male,outcome,HK,KA,home,1.8,0.61825,0.11284999999999995,NA,150,NA,TRUE,120,EUR,CoolBet,gsheets
2025-02-17,2025-02-22,football,england,male,totals,Arsenal,West Ham,over,1.87,0.67375,0.2599125,NA,150,2.75,FALSE,-150,EUR,EpicBet,gsheets
2025-02-17,2025-02-22,football,england,male,totals,Aston Villa,Chelsea,under,2.02,0.58775,0.18725499999999995,NA,150,3,FALSE,-150,EUR,EpicBet,gsheets
2025-02-17,2025-02-22,football,england,male,totals,Bournemouth,Wolves,under,1.89,0.6635,0.2540149999999999,NA,150,3,TRUE,133,EUR,CoolBet,gsheets
2025-02-16,2025-02-22,football,england,male,handicap,Everton,Man United,home,1.7,0.70175,0.19297499999999995,NA,150,0.25,TRUE,105,EUR,EpicBet,gsheets
2025-02-17,2025-02-22,football,england,male,handicap,Everton,Man United,home,1.68,0.7015,0.17851999999999996,NA,300,0.25,TRUE,204,EUR,EpicBet,gsheets
2025-02-17,2025-02-22,football,england,male,outcome,Fulham,Crystal Palace,away,3.67,0.34925,0.28174750000000004,NA,150,NA,TRUE,400,EUR,EpicBet,gsheets
2025-02-17,2025-02-22,football,england,male,handicap,Fulham,Crystal Palace,away,2.13,0.61375,0.30728749999999994,NA,300,-0.25,TRUE,339,EUR,EpicBet,gsheets
2025-02-17,2025-02-22,football,england,male,handicap,Ipswich,Tottenham,away,1.7,0.774,0.31579999999999997,NA,450,0.25,TRUE,315,EUR,EpicBet,gsheets
2025-02-17,2025-02-22,football,england,male,outcome,Ipswich,Tottenham,away,2.02,0.774,0.5634800000000001,NA,750,NA,TRUE,765,EUR,CoolBet,gsheets
2025-02-17,2025-02-22,football,england,male,totals,Southampton,Brighton,under,1.93,0.62225,0.2009424999999999,NA,150,3,FALSE,-150,EUR,EpicBet,gsheets
2025-02-22,2025-02-22,handball,iceland,female,outcome,Grótta,Fram,away,1.16,0.9215,0.06893999999999992,NA,1050,NA,TRUE,168,EUR,EpicBet,gsheets
2025-02-22,2025-02-22,handball,iceland,female,totals,Grótta,Fram,under,1.9,0.6375,0.21124999999999983,NA,750,51.5,FALSE,-750,EUR,CoolBet,gsheets
2025-02-17,2025-02-23,football,england,male,outcome,Newcastle,Nott'm Forest,home,1.82,0.656,0.1939200000000001,NA,300,NA,TRUE,246,EUR,EpicBet,gsheets
2025-02-22,2025-02-23,football,spain,male,totals,Getafe,Betis,under,1.84,0.66275,0.21946,NA,150,2,FALSE,-150,EUR,EpicBet,gsheets
2025-02-22,2025-02-23,football,spain,male,totals,Las Palmas,Barcelona,under,2.79,0.6375,0.7786249999999999,NA,150,3,TRUE,268,EUR,EpicBet,gsheets
2025-02-23,2025-02-25,football,england,male,totals,Brighton,Bournemouth,under,1.89,NA,NA,NA,750,3,NA,NA,EUR,EpicBet,gsheets
2025-02-23,2025-02-25,football,england,male,totals,Brighton,Southampton,under,2.07,NA,NA,NA,450,3.5,FALSE,-450,EUR,EpicBet,gsheets
2025-02-23,2025-02-25,football,england,male,totals,Crystal Palace,Aston Villa,under,1.96,NA,NA,NA,300,2.5,FALSE,-300,EUR,EpicBet,gsheets
2025-02-23,2025-02-26,football,england,male,outcome,Brentford,Everton,home,2.09,NA,NA,NA,150,NA,FALSE,-150,EUR,EpicBet,gsheets
2025-02-23,2025-02-26,football,england,male,totals,Brentford,Everton,under,2.93,NA,NA,NA,750,2,NA,NA,EUR,EpicBet,gsheets
2025-02-26,2025-02-26,football,england,male,outcome,Brentford,Everton,home,1.3,0.802,0.04260000000000008,NA,300,NA,FALSE,-300,EUR,EpicBet,gsheets
2025-02-26,2025-02-26,football,england,male,outcome,Liverpool,Newcastle,home,1.18,0.878,0.03603999999999996,NA,600,NA,TRUE,108,EUR,EpicBet,gsheets
2025-02-26,2025-02-26,football,england,male,outcome,Man United,Ipswich,home,1.55,0.898,0.3919000000000001,NA,1500,NA,TRUE,825,EUR,EpicBet,gsheets
2025-02-23,2025-02-26,football,england,male,totals,Tottenham,Man City,under,2,NA,NA,NA,750,3.5,TRUE,750,EUR,EpicBet,gsheets
2025-02-23,2025-02-26,football,england,male,totals,Tottenham,Man City,under,1.96,0.595,0.1661999999999999,NA,150,3.5,TRUE,144,EUR,EpicBet,gsheets
2025-02-26,2025-02-27,football,england,male,totals,West Ham,Leicester,over,1.94,0.658,0.27652,NA,150,2.75,FALSE,-150,EUR,EpicBet,gsheets
NA,2025-02-28,football,france,male,handicap,Monaco,Reims,away,2.01,0.644,0.2944399999999999,NA,150,-1.25,FALSE,-150,EUR,EpicBet,gsheets
NA,2025-02-28,football,france,male,totals,Monaco,Reims,under,1.82,0.748,0.36136,NA,150,3.25,TRUE,123,EUR,EpicBet,gsheets
2025-02-26,2025-02-28,football,germany,male,totals,Stuttgart,Bayern Munich,under,1.92,0.632,0.21343999999999996,NA,150,3.25,FALSE,-150,EUR,EpicBet,gsheets
2025-02-26,2025-02-28,football,italy,male,outcome,Fiorentina,Lecce,home,1.76,0.691,0.2161599999999999,NA,750,NA,TRUE,570,EUR,EpicBet,gsheets
NA,2025-02-28,football,italy,male,handicap,Fiorentina,Lecce,home,2,0.691,0.3819999999999999,NA,150,-0.75,TRUE,150,EUR,EpicBet,gsheets
NA,2025-02-28,football,italy,male,handicap,Fiorentina,Lecce,home,3.2,0.453,0.4496000000000002,NA,150,-1,FALSE,-150,EUR,CoolBet,gsheets
2025-02-27,2025-02-28,football,netherlands,male,handicap,Waalwijk,Sittard,away,1.37,0.516,-0.07607999999999995,NA,150,-1,TRUE,56,EUR,EpicBet,gsheets
2025-02-26,2025-02-28,football,spain,male,totals,Valladolid,Las Palmas,under,1.89,0.636,0.20204,NA,150,2.25,TRUE,133,EUR,EpicBet,gsheets
NA,2025-02-28,football,spain,male,handicap,Valladolid,Las Palmas,home,1.83,0.683,0.24989000000000017,NA,150,0.25,TRUE,125,EUR,EpicBet,gsheets
NA,2025-03-01,football,belgium,male,handicap,Cercle Brugge,Antwerp,away,1.57,0.716,0.12412000000000001,NA,150,-1,TRUE,86,EUR,CoolBet,gsheets
NA,2025-03-01,football,france,male,handicap,St Etienne,Nice,away,1.94,0.613,0.18921999999999994,NA,150,0.75,TRUE,141,EUR,EpicBet,gsheets
NA,2025-03-01,football,germany,male,handicap,Cercle Brugge,Antwerp,away,1.55,0.716,0.10980000000000001,NA,150,-0.5,TRUE,82,EUR,EpicBet,gsheets
NA,2025-03-01,football,germany,male,handicap,St Pauli,Dortmund,home,1.92,0.616,0.18272,NA,150,0.5,FALSE,-150,EUR,EpicBet,gsheets
2025-02-27,2025-03-01,football,germany,male,handicap,St Pauli,Dortmund,home,1.95,0.616,0.20119999999999993,NA,300,1,FALSE,-300,EUR,CoolBet,gsheets
NA,2025-03-01,football,netherlands,male,handicap,Utrecht,NAC Breda,home,1.87,0.381,-0.029529999999999945,NA,150,-1,NA,NA,EUR,EpicBet,gsheets
NA,2025-03-01,football,spain,male,handicap,Atalanta,Venezia,away,1.98,0.587,0.26825999999999994,NA,150,1.75,TRUE,147,EUR,EpicBet,gsheets
2025-02-26,2025-03-01,football,spain,male,outcome,Ath Madrid,Ath Bilbao,home,2.08,0.539,0.12112000000000012,NA,150,NA,TRUE,162,EUR,EpicBet,gsheets
2025-02-26,2025-03-01,football,spain,male,totals,Ath Madrid,Ath Bilbao,under,1.94,0.6,0.16399999999999992,NA,150,2.25,TRUE,141,EUR,EpicBet,gsheets
NA,2025-03-01,football,spain,male,handicap,Betis,Real Madrid,away,2,0.597,0.19399999999999995,NA,150,0.75,FALSE,-150,EUR,EpicBet,gsheets
2025-02-26,2025-03-01,football,spain,male,outcome,Girona,Celta,home,2.16,0.539,0.16424000000000016,NA,150,NA,FALSE,-150,EUR,EpicBet,gsheets
2025-02-26,2025-03-01,football,spain,male,totals,Girona,Celta,over,2.01,0.636,0.27835999999999983,NA,150,2.75,TRUE,151,EUR,EpicBet,gsheets
NA,2025-03-02,football,germany,male,handicap,Union Berlin,Holstein Kiel,away,1.98,0.58,0.27139999999999986,NA,150,-0.75,TRUE,147,EUR,EpicBet,gsheets
2025-02-26,2025-03-02,football,italy,male,totals,Monza,Torino,under,1.82,0.603,0.09745999999999999,NA,150,2.25,TRUE,123,EUR,EpicBet,gsheets
NA,2025-03-02,football,netherlands,male,outcome,Heerenveen,AZ Alkmaar,away,2.05,0.631,0.29354999999999987,NA,150,NA,FALSE,-150,EUR,EpicBet,gsheets
NA,2025-03-02,football,netherlands,male,handicap,Heerenveen,AZ Alkmaar,away,3.05,0.38,0.4099999999999999,NA,150,1,FALSE,-150,EUR,EpicBet,gsheets
NA,2025-03-02,football,spain,male,handicap,Leganes,Getafe,home,1.76,0.692,0.2179199999999999,NA,150,0.25,TRUE,114,EUR,EpicBet,gsheets
2025-02-26,2025-03-03,football,spain,male,totals,Villarreal,Espanol,over,1.94,0.656,0.27264,NA,150,2.75,NA,NA,EUR,EpicBet,gsheets
2025-02-26,2025-03-03,football,spain,male,btts,Villarreal,Espanol,yes,1.89,0.615,0.16234999999999988,NA,150,NA,NA,NA,EUR,EpicBet,gsheets
NA,2025-03-04,basketball,iceland,female,handicap,Sjarnan,Hamar/Þór,away,1.87,0.5705,0.06683500000000009,NA,75,-5,TRUE,65,EUR,CoolBet,gsheets
2025-03-04,2025-03-04,basketball,iceland,female,totals,Stjarnan,Hamar/Þór,over,1.87,0.6795,0.27066500000000004,NA,240,161.5,FALSE,-240,EUR,CoolBet,gsheets
NA,2025-03-04,basketball,iceland,female,outcome,Stjarnan,Hamar/Þór,away,2.8,0.43025,0.2047,NA,75,NA,TRUE,135,EUR,CoolBet,gsheets
NA,2025-03-04,basketball,iceland,female,handicap,Stjarnan,Hamar/Þór,away,1.87,0.5705,0.06683500000000009,NA,75,-5,TRUE,65,EUR,EpicBet,gsheets
2025-03-04,2025-03-04,handball,iceland,male,outcome,Grótta,Fjölnir,home,1.36,0.7995,0.08732000000000006,NA,525,NA,FALSE,-525,EUR,CoolBet,gsheets
2025-03-04,2025-03-04,handball,iceland,male,totals,Grótta,Fjölnir,under,1.9,0.65,0.235,NA,450,58.5,FALSE,-450,EUR,CoolBet,gsheets
2025-03-04,2025-03-04,handball,iceland,male,outcome,Haukar,FH,away,2.4,0.439,0.05359999999999998,NA,135,NA,TRUE,189,EUR,EpicBet,gsheets
2025-03-04,2025-03-04,handball,iceland,male,totals,Haukar,FH,under,1.85,0.73125,0.3528125,NA,750,60.5,TRUE,638,EUR,CoolBet,gsheets
2025-03-04,2025-03-04,handball,iceland,male,outcome,ÍR,HK,away,1.6,0.71475,0.14360000000000006,NA,525,NA,FALSE,-525,EUR,EpicBet,gsheets
2025-03-04,2025-03-04,handball,iceland,male,totals,ÍR,HK,over,1.9,0.6185,0.17515000000000003,NA,390,62.5,FALSE,-390,EUR,CoolBet,gsheets
2025-03-04,2025-03-04,handball,iceland,male,totals,KA,ÍBV,over,1.9,0.6285,0.19414999999999982,NA,390,59.5,TRUE,351,EUR,EpicBet,gsheets
NA,2025-03-05,basketball,iceland,female,totals,Aþena,Tindastóll,under,1.87,0.602,0.12574000000000007,NA,75,157.5,FALSE,-75,EUR,EpicBet,gsheets
NA,2025-03-05,basketball,iceland,female,outcome,Aþena,Tindastóll,home,2.6,0.41975,0.09135000000000015,NA,75,NA,TRUE,120,EUR,EpicBet,gsheets
NA,2025-03-05,basketball,iceland,female,totals,Valur,Haukar,under,1.87,0.7035,0.3155450000000001,NA,315,157.5,FALSE,-315,EUR,EpicBet,gsheets
NA,2025-03-05,basketball,iceland,female,outcome,Valur,Haukar,away,1.42,0.761,0.08061999999999997,NA,165,NA,TRUE,69,EUR,EpicBet,gsheets
NA,2025-03-05,basketball,iceland,female,handicap,Valur,Haukar,away,1.87,0.614,0.1481800000000001,NA,165,5.5,TRUE,144,EUR,EpicBet,gsheets
2025-03-04,2025-03-05,handball,iceland,male,totals,Afturelding,Stjarnan,over,1.9,0.743,0.41169999999999995,NA,900,59.5,TRUE,810,EUR,EpicBet,gsheets
2025-03-04,2025-03-05,handball,iceland,male,totals,Valur,Fram,over,1.9,0.83675,0.5898249999999999,NA,900,61.5,TRUE,810,EUR,CoolBet,gsheets
NA,2025-03-06,basketball,iceland,male,totals,Haukar,Valur,under,1.88,0.57825,0.08711000000000002,NA,270,180.5,TRUE,238,EUR,CoolBet,gsheets
NA,2025-03-06,basketball,iceland,male,outcome,Höttur,Þór Þ.,away,1.6,0.65175,0.042800000000000116,NA,135,NA,FALSE,-135,EUR,CoolBet,gsheets
NA,2025-03-06,basketball,iceland,male,totals,ÍR,KR,over,1.87,0.61675,0.15332250000000014,NA,270,181.5,TRUE,235,EUR,EpicBet,gsheets
NA,2025-03-06,basketball,iceland,male,handicap,Tindastóll,Keflavík,home,1.87,0.6255,0.16968499999999997,NA,135,-6,TRUE,117,EUR,EpicBet,gsheets
NA,2025-03-06,basketball,iceland,male,totals,Tindastóll,Keflavík,over,1.87,0.57,0.06589999999999996,NA,135,187.5,TRUE,117,EUR,CoolBet,gsheets
NA,2025-03-06,basketball,iceland,male,outcome,Tindastóll,Keflavík,home,1.4,0.7855,0.0996999999999999,NA,270,NA,TRUE,108,EUR,CoolBet,gsheets
NA,2025-03-07,basketball,iceland,male,totals,Stjarnan,Álftanes,under,1.88,0.701,0.31787999999999983,NA,555,183.5,TRUE,488,EUR,CoolBet,gsheets
2025-03-03,2025-03-07,football,belgium,male,btts,St Truiden,Beerschot,yes,1.7,0.628,0.0676,NA,150,NA,FALSE,-150,EUR,EpicBet,gsheets
NA,2025-03-07,football,belgium,male,totals,St Truiden,Beerschot,over,2.08,0.434,0.10771999999999993,NA,150,3,FALSE,-150,EUR,CoolBet,gsheets
NA,2025-03-07,football,germany,male,handicap,M'gladbach,Mainz,home,2.08,0.553,0.15024000000000015,NA,300,-0.25,FALSE,-300,EUR,EpicBet,gsheets
NA,2025-03-07,football,germany,male,outcome,M'gladbach,Mainz,home,2.55,0.553,0.41015,NA,600,NA,FALSE,-600,EUR,CoolBet,gsheets
NA,2025-03-07,football,germany,male,handicap,M'gladbach,Mainz,home,5.25,0.318,0.6695,NA,150,-1,FALSE,-150,EUR,CoolBet,gsheets
NA,2025-03-07,football,germany,male,totals,St Truiden,Beerschot,under,1.76,NA,-1,NA,150,3,FALSE,-150,EUR,CoolBet,gsheets
NA,2025-03-08,football,england,male,totals,Brentford,Aston Villa,under,1.85,0.774,0.43190000000000006,NA,150,3.25,TRUE,128,EUR,EpicBet,gsheets
NA,2025-03-08,football,england,male,handicap,Brighton,Fulham,away,1.86,0.6,0.11599999999999999,NA,300,-0.5,FALSE,-300,EUR,EpicBet,gsheets
NA,2025-03-08,football,england,male,outcome,Brighton,Fulham,away,3.7,0.349,0.2913,NA,150,NA,FALSE,-150,EUR,EpicBet,gsheets
NA,2025-03-08,football,england,male,handicap,Crystal Palace,Ipswich,away,1.85,0.689,0.27464999999999995,NA,150,-1.25,TRUE,128,EUR,EpicBet,gsheets
NA,2025-03-08,football,england,male,handicap,Crystal Palace,Ipswich,away,1.86,0.682,0.2685200000000002,NA,600,-1.25,TRUE,516,EUR,EpicBet,gsheets
NA,2025-03-08,football,england,male,totals,Crystal Palace,Ipswich,under,1.91,0.519,0.09928999999999999,NA,150,2.75,TRUE,136,EUR,EpicBet,gsheets
NA,2025-03-08,football,england,male,outcome,Crystal Palace,Ipswich,away,7.05,0.19,0.3394999999999999,NA,150,NA,FALSE,-150,EUR,EpicBet,gsheets
NA,2025-03-08,football,england,male,btts,Liverpool,Southampton,no,1.93,0.64,0.23519999999999996,NA,150,NA,FALSE,-150,EUR,EpicBet,gsheets
NA,2025-03-08,football,england,male,handicap,Liverpool,Southampton,home,1.9,0.554,0.052600000000000036,NA,150,-2.5,FALSE,-150,EUR,EpicBet,gsheets
NA,2025-03-08,football,england,male,handicap,Nott'm Forest,Man City,away,1.97,0.594,0.1701799999999999,NA,300,0.5,FALSE,-300,EUR,EpicBet,gsheets
NA,2025-03-08,football,england,male,outcome,Nott'm Forest,Man City,away,1.97,0.594,0.1701799999999999,NA,450,NA,FALSE,-450,EUR,EpicBet,gsheets
NA,2025-03-08,football,england,male,btts,Nott'm Forest,Man City,no,2.47,0.471,1.16337,NA,150,NA,TRUE,221,EUR,EpicBet,gsheets
NA,2025-03-08,football,england,male,handicap,Wolves,Everton,away,1.88,0.598,0.1242399999999999,NA,150,-0.25,TRUE,132,EUR,EpicBet,gsheets
NA,2025-03-08,football,england,male,totals,Wolves,Everton,under,1.97,0.698,0.37505999999999984,NA,150,2.25,TRUE,146,EUR,EpicBet,gsheets
NA,2025-03-08,football,england,male,handicap,Wolves,Everton,away,1.78,0.596,0.06087999999999999,NA,150,-0.25,TRUE,117,EUR,EpicBet,gsheets
NA,2025-03-08,football,france,male,handicap,Rennes,Paris SG,home,1.89,0.458,0.09561999999999993,NA,150,1,FALSE,-150,EUR,EpicBet,gsheets
NA,2025-03-08,football,germany,male,handicap,Bayern Munich,Bochum,home,2.05,0.586,0.2012999999999998,NA,450,-2.5,FALSE,-450,EUR,EpicBet,gsheets
NA,2025-03-08,football,germany,male,handicap,Bayern Munich,Bochum,home,2.02,0.586,0.18372,NA,1050,-2,FALSE,-1050,EUR,CoolBet,gsheets
NA,2025-03-08,football,germany,male,totals,Bayern Munich,Bochum,over,1.82,0.61,0.11019999999999996,NA,150,3.5,TRUE,123,EUR,CoolBet,gsheets
NA,2025-03-08,football,germany,male,outcome,Leverkusen,Werder Bremen,away,14,0.16,1.2400000000000002,NA,150,NA,TRUE,1950,EUR,CoolBet,gsheets
NA,2025-03-08,football,germany,male,totals,Leverkusen,Werder Bremen,over,1.85,0.524,0.1654000000000001,NA,150,3,FALSE,-150,EUR,CoolBet,gsheets
NA,2025-03-08,football,spain,male,handicap,Celta,Leganes,away,1.8,0.491,0.12880000000000003,NA,300,-1,NA,NA,EUR,EpicBet,gsheets
2025-03-06,2025-03-08,handball,iceland,male,outcome,Fjölnir,Haukar,away,1.18,0.9335,0.10152999999999993,NA,630,NA,TRUE,113,EUR,CoolBet,gsheets
2025-03-07,2025-03-08,handball,iceland,male,outcome,Fjölnir,Haukar,away,1.2,0.9335,0.12019999999999995,NA,720,NA,TRUE,144,EUR,EpicBet,gsheets
2025-03-06,2025-03-08,handball,iceland,male,totals,Fjölnir,Haukar,under,1.85,0.60875,0.12618750000000012,NA,165,60.5,FALSE,-165,EUR,CoolBet,gsheets
2025-03-06,2025-03-08,handball,iceland,male,handicap,Fjölnir,Haukar,away,1.85,0.714,0.32089999999999996,NA,480,4.5,TRUE,408,EUR,CoolBet,gsheets
2025-03-07,2025-03-08,handball,iceland,male,totals,Fjölnir,Haukar,under,1.9,0.71775,0.36372499999999997,NA,480,62.5,TRUE,432,EUR,EpicBet,gsheets
2025-03-06,2025-03-08,handball,iceland,male,outcome,HK,Fram,away,1.55,0.68475,0.061362499999999986,NA,165,NA,TRUE,91,EUR,CoolBet,gsheets
2025-03-06,2025-03-08,handball,iceland,male,totals,HK,Fram,under,1.9,0.6555,0.24544999999999983,NA,315,61.5,TRUE,283,EUR,CoolBet,gsheets
2025-03-07,2025-03-08,handball,iceland,male,outcome,HK,Fram,home,5.5,0.24675,0.3571249999999999,NA,75,NA,FALSE,-75,EUR,EpicBet,gsheets
2025-03-06,2025-03-08,handball,iceland,male,outcome,ÍBV,ÍR,home,1.16,0.88575,0.027469999999999967,NA,240,NA,FALSE,-240,EUR,CoolBet,gsheets
2025-03-07,2025-03-08,handball,iceland,male,outcome,ÍBV,ÍR,home,1.25,0.88575,0.10718750000000005,NA,480,NA,FALSE,-480,EUR,EpicBet,gsheets
2025-03-06,2025-03-08,handball,iceland,male,totals,ÍBV,ÍR,under,1.9,0.66975,0.2725249999999999,NA,405,63.5,FALSE,-405,EUR,CoolBet,gsheets
2025-03-07,2025-03-08,handball,iceland,male,totals,ÍBV,ÍR,under,1.9,0.72225,0.3722749999999998,NA,480,64.5,FALSE,-480,EUR,EpicBet,gsheets
2025-03-06,2025-03-08,handball,iceland,male,handicap,Valur,Grótta,home,1.85,0.55925,0.0346125000000001,NA,75,-5.5,FALSE,-75,EUR,CoolBet,gsheets
2025-03-06,2025-03-08,handball,iceland,male,outcome,Valur,Grótta,home,1.16,0.9055,0.0503799999999999,NA,405,NA,TRUE,65,EUR,CoolBet,gsheets
2025-03-06,2025-03-08,handball,iceland,male,totals,Valur,Grótta,under,1.9,0.77875,0.4796250000000001,NA,630,62.5,TRUE,567,EUR,CoolBet,gsheets
NA,2025-03-09,football,england,male,handicap,Chelsea,Leicester,away,1.92,0.55,0.05600000000000005,NA,600,-2,TRUE,552,EUR,EpicBet,gsheets
NA,2025-03-09,football,england,male,btts,Chelsea,Leicester,yes,1.82,0.624,0.13568000000000002,NA,450,NA,FALSE,-450,EUR,EpicBet,gsheets
NA,2025-03-09,football,england,male,handicap,Chelsea,Leicester,away,2.34,0.55,0.28700000000000003,NA,300,-2,TRUE,402,EUR,CoolBet,gsheets
NA,2025-03-09,football,england,male,handicap,Man United,Arsenal,home,2.04,0.56,0.14240000000000008,NA,300,0.5,TRUE,312,EUR,EpicBet,gsheets
NA,2025-03-09,football,england,male,handicap,Tottenham,Bournemouth,home,2.12,0.612,0.29744000000000004,NA,600,-0.25,FALSE,-600,EUR,EpicBet,gsheets
NA,2025-03-09,football,england,male,btts,Tottenham,Bournemouth,no,3.07,0.417,0.28018999999999994,NA,150,NA,FALSE,-150,EUR,EpicBet,gsheets
NA,2025-03-09,football,england,male,totals,Tottenham,Bournemouth,under,1.85,0.606,0.12109999999999999,NA,300,3.5,FALSE,-300,EUR,EpicBet,gsheets
NA,2025-03-09,football,england,male,outcome,Tottenham,Bournemouth,home,2.46,0.612,0.50552,NA,900,NA,FALSE,-900,EUR,EpicBet,gsheets
NA,2025-03-09,football,england,male,handicap,Tottenham,Bournemouth,home,4.35,0.379,0.64865,NA,450,-1,FALSE,-450,EUR,CoolBet,gsheets
NA,2025-03-09,football,germany,male,btts,Ein Frankfurt,Union Berlin,no,2.13,0.507,0.07990999999999993,NA,150,NA,FALSE,-150,EUR,EpicBet,gsheets
NA,2025-03-09,football,spain,male,handicap,Getafe,Ath Madrid,home,1.88,0.6,0.1279999999999999,NA,150,0.5,TRUE,132,EUR,EpicBet,gsheets
NA,2025-03-09,football,spain,male,btts,Getafe,Ath Madrid,no,1.6,0.702,0.12319999999999998,NA,450,NA,FALSE,-450,EUR,EpicBet,gsheets
NA,2025-03-09,football,spain,male,totals,Getafe,Ath Madrid,under,1.76,0.524,0.17724000000000006,NA,450,2,FALSE,-450,EUR,EpicBet,gsheets
2025-03-07,2025-03-09,handball,iceland,male,totals,FH,Afturelding,over,1.9,0.72725,0.38177499999999986,NA,480,60.5,TRUE,432,EUR,EpicBet,gsheets
2025-03-07,2025-03-09,handball,iceland,male,totals,Stjarnan,KA,under,1.9,0.572,0.08679999999999988,NA,75,58.5,FALSE,-75,EUR,EpicBet,gsheets
2025-03-07,2025-03-09,handball,iceland,male,handicap,Stjarnan,KA,home,1.85,0.592,0.09519999999999995,NA,165,-0.5,TRUE,140,EUR,EpicBet,gsheets
2025-03-07,2025-03-09,handball,iceland,male,outcome,Stjarnan,KA,home,1.85,0.6265,0.15902499999999997,NA,240,NA,TRUE,204,EUR,EpicBet,gsheets
NA,2025-03-10,football,england,male,outcome,West Ham,Newcastle,home,3.32,0.345,0.14539999999999986,NA,150,NA,FALSE,-150,EUR,EpicBet,gsheets
NA,2025-03-11,basketball,iceland,female,handicap,Aþena,Stjarnan,home,1.87,0.59725,0.11685749999999995,NA,225,2.5,FALSE,-225,EUR,CoolBet,gsheets
NA,2025-03-11,basketball,iceland,female,outcome,Aþena,Stjarnan,home,2.25,0.52575,0.1829375000000001,NA,225,NA,FALSE,-225,EUR,CoolBet,gsheets
NA,2025-03-11,basketball,iceland,female,totals,Tindastóll,Grindavík,under,1.87,0.63475,0.18698250000000016,NA,360,153.5,FALSE,-360,EUR,EpicBet,gsheets
NA,2025-03-12,basketball,iceland,female,totals,Valur,Njarðvík,under,1.87,0.813,0.5203099999999999,NA,1350,159.5,FALSE,-1350,EUR,EpicBet,gsheets
2025-03-11,2025-03-12,handball,iceland,female,totals,Fram,Haukar,over,1.9,0.54525,0.03597499999999998,NA,225,50.5,FALSE,-225,EUR,CoolBet,gsheets
2025-03-11,2025-03-12,handball,iceland,female,outcome,Fram,Haukar,away,2.85,0.42,0.19699999999999995,NA,450,NA,FALSE,-450,EUR,CoolBet,gsheets
2025-03-11,2025-03-12,handball,iceland,female,totals,Selfoss,Grótta,under,1.9,0.63375,0.204125,NA,675,47.5,TRUE,607,EUR,EpicBet,gsheets
NA,2025-03-13,basketball,iceland,male,outcome,Álftanes,Þór Þ.,away,3.35,0.44275,0.48321250000000004,NA,450,NA,FALSE,-450,EUR,CoolBet,gsheets
NA,2025-03-13,basketball,iceland,male,handicap,Álftanes,Þór Þ.,away,1.87,0.6535,0.22204500000000005,NA,675,-7.5,FALSE,-675,EUR,CoolBet,gsheets
NA,2025-03-13,basketball,iceland,male,outcome,Valur,Grindavík,under,1.88,0.6205,0.16654000000000002,NA,450,177.5,FALSE,-450,EUR,CoolBet,gsheets
NA,2025-03-14,basketball,iceland,male,handicap,ÍR,Höttur,away,1.87,0.57225,0.07010750000000016,NA,225,-9.5,TRUE,196,EUR,CoolBet,gsheets
NA,2025-03-14,basketball,iceland,male,totals,Keflavík,Stjarnan,over,1.87,0.5755,0.07618500000000006,NA,225,185.5,TRUE,196,EUR,EpicBet,gsheets
NA,2025-03-14,football,germany,male,btts,St Pauli,Hoffenheim,no,2.02,0.599,0.20997999999999994,NA,150,NA,TRUE,153,EUR,EpicBet,gsheets
NA,2025-03-14,football,germany,male,totals,St Pauli,Hoffenheim,under,1.8,0.671,0.2078000000000001,NA,600,2.5,TRUE,480,EUR,CoolBet,gsheets
NA,2025-03-14,football,spain,male,outcome,Las Palmas,Alaves,home,2.8,0.431,0.20679999999999998,NA,150,NA,FALSE,-150,EUR,EpicBet,gsheets
NA,2025-03-14,football,spain,male,totals,Las Palmas,Alaves,over,2.01,0.469,0.19068999999999986,NA,450,2,TRUE,454,EUR,CoolBet,gsheets
NA,2025-03-15,football,england,male,outcome,Bournemouth,Brentford,away,4.32,0.333,0.43856000000000006,NA,150,NA,TRUE,498,EUR,EpicBet,gsheets
NA,2025-03-15,football,england,male,totals,Bournemouth,Brentford,under,1.89,0.444,0.06715999999999989,NA,450,3.25,TRUE,202,EUR,EpicBet,gsheets
NA,2025-03-15,football,england,male,btts,Bournemouth,Brentford,no,2.57,0.428,0.09995999999999983,NA,225,NA,FALSE,-225,EUR,EpicBet,gsheets
NA,2025-03-15,football,england,male,handicap,Bournemouth,Brentford,away,1.88,0.684,0.39292000000000005,NA,750,-0.75,TRUE,660,EUR,EpicBet,gsheets
NA,2025-03-15,football,england,male,outcome,Everton,West Ham,away,3.9,0.299,0.16609999999999991,NA,150,NA,FALSE,-150,EUR,EpicBet,gsheets
NA,2025-03-15,football,england,male,outcome,Man City,Brighton,home,1.69,0.676,0.14244000000000007,NA,450,NA,FALSE,-450,EUR,EpicBet,gsheets
NA,2025-03-15,football,england,male,handicap,Man City,Brighton,home,1.85,0.571,0.16134999999999994,NA,150,-0.75,FALSE,-150,EUR,EpicBet,gsheets
NA,2025-03-15,football,england,male,outcome,Southampton,Wolves,home,3.73,0.326,0.21598000000000006,NA,150,NA,FALSE,-150,EUR,EpicBet,gsheets
NA,2025-03-15,football,england,male,totals,Southampton,Wolves,over,1.87,0.63,0.17810000000000004,NA,450,2.5,TRUE,392,EUR,EpicBet,gsheets
NA,2025-03-15,football,england,male,btts,Southampton,Wolves,yes,1.71,0.629,0.07558999999999999,NA,225,NA,TRUE,160,EUR,EpicBet,gsheets
NA,2025-03-15,football,italy,male,outcome,Milan,Como,home,1.84,0.722,0.32848,NA,900,NA,TRUE,756,EUR,EpicBet,gsheets
NA,2025-03-15,football,italy,male,totals,Milan,Como,over,1.82,0.66,0.20120000000000005,NA,450,2.5,TRUE,369,EUR,EpicBet,gsheets
NA,2025-03-15,football,italy,male,outcome,Monza,Parma,home,3.05,0.46,0.4029999999999999,NA,450,NA,FALSE,-450,EUR,EpicBet,gsheets
NA,2025-03-15,football,spain,male,outcome,Mallorca,Espanol,away,4.9,0.261,0.27890000000000004,NA,150,NA,FALSE,-150,EUR,CoolBet,gsheets
NA,2025-03-15,football,spain,male,outcome,Valladolid,Celta,home,5,0.331,0.655,NA,450,NA,FALSE,-450,EUR,CoolBet,gsheets
NA,2025-03-15,football,spain,male,handicap,Valladolid,Celta,home,2.16,0.594,0.28304000000000007,NA,450,1,FALSE,-450,EUR,CoolBet,gsheets
NA,2025-03-15,football,spain,male,outcome,Villarreal,Real Madrid,away,2.05,0.564,0.15619999999999978,NA,150,NA,TRUE,157,EUR,EpicBet,gsheets
2025-03-14,2025-03-15,handball,iceland,female,totals,Fram,Valur,over,1.9,0.55275,0.05022499999999991,NA,210,52.5,TRUE,189,EUR,CoolBet,gsheets
2025-03-14,2025-03-15,handball,iceland,female,outcome,Fram,Valur,away,1.55,0.695,0.07724999999999993,NA,540,NA,FALSE,-540,EUR,CoolBet,gsheets
2025-03-14,2025-03-15,handball,iceland,female,totals,Fram,Valur,over,1.9,0.61225,0.16327499999999984,NA,690,51.5,TRUE,621,EUR,EpicBet,gsheets
2025-03-14,2025-03-15,handball,iceland,female,handicap,Haukar,Grótta,home,1.9,0.5635,0.07064999999999999,NA,300,-7.5,TRUE,270,EUR,EpicBet,gsheets
2025-03-14,2025-03-15,handball,iceland,female,totals,Haukar,Grótta,over,1.9,0.64375,0.22312500000000002,NA,930,50.5,TRUE,837,EUR,CoolBet,gsheets
NA,2025-03-16,football,belgium,male,outcome,Gent,Kortrijk,home,1.7,0.7,0.1899999999999999,NA,225,NA,FALSE,-225,EUR,EpicBet,gsheets
NA,2025-03-16,football,belgium,male,totals,Mechelen,Dender,over,1.83,0.714,0.30662,NA,750,2.5,TRUE,622,EUR,EpicBet,gsheets
NA,2025-03-16,football,belgium,male,totals,Standard,Antwerp,under,1.7,0.682,0.15940000000000004,NA,150,2.5,TRUE,105,EUR,EpicBet,gsheets
NA,2025-03-16,football,england,male,outcome,Arsenal,Chelsea,home,1.81,0.586,0.06065999999999999,NA,150,NA,TRUE,122,EUR,EpicBet,gsheets
NA,2025-03-16,football,england,male,outcome,Fulham,Tottenham,away,3.6,0.478,0.7207999999999999,NA,600,NA,FALSE,-600,EUR,EpicBet,gsheets
NA,2025-03-16,football,england,male,handicap,Fulham,Tottenham,away,1.89,0.706,0.33433999999999986,NA,855,-0.5,FALSE,-855,EUR,EpicBet,gsheets
NA,2025-03-16,football,england,male,outcome,Leicester,Man United,home,4.7,0.33,0.5510000000000002,NA,150,NA,FALSE,-150,EUR,EpicBet,gsheets
NA,2025-03-16,football,england,male,handicap,Leicester,Man United,home,1.86,0.576,0.07135999999999998,NA,195,0.75,FALSE,-195,EUR,EpicBet,gsheets
NA,2025-03-16,football,france,male,handicap,Lyon,Le Havre,away,1.86,0.648,0.20528000000000013,NA,450,-1.5,FALSE,-450,EUR,EpicBet,gsheets
NA,2025-03-16,football,france,male,totals,Montpellier,St Etienne,over,1.91,0.613,0.2677299999999999,NA,675,2.75,NA,NA,EUR,EpicBet,gsheets
NA,2025-03-16,football,france,male,btts,Montpellier,St Etienne,yes,1.61,0.708,0.13988,NA,150,NA,NA,NA,EUR,EpicBet,gsheets
NA,2025-03-16,football,france,male,totals,Montpellier,St Etienne,over,2.05,0.516,0.25179999999999997,NA,150,3,NA,NA,EUR,CoolBet,gsheets
NA,2025-03-16,football,germany,male,btts,Heidenheim,Holstein Kiel,yes,1.67,0.668,0.11556,NA,150,NA,TRUE,100,EUR,EpicBet,gsheets
NA,2025-03-16,football,germany,male,totals,Heidenheim,Holstein Kiel,over,1.76,0.678,0.19328000000000012,NA,585,2.5,TRUE,445,EUR,CoolBet,gsheets
NA,2025-03-16,football,italy,male,outcome,Venezia,Napoli,away,1.56,0.711,0.10915999999999998,NA,675,NA,FALSE,-675,EUR,EpicBet,gsheets
NA,2025-03-16,football,portugal,male,handicap,Guimaraes,Estrela,away,2,0.48,0.25099999999999995,NA,150,-1,FALSE,-150,EUR,EpicBet,gsheets
NA,2025-03-16,football,spain,male,outcome,Leganes,Betis,home,4,0.3,0.19999999999999996,NA,150,NA,FALSE,-150,EUR,EpicBet,gsheets
NA,2025-03-16,football,spain,male,totals,Leganes,Betis,under,1.69,0.657,0.11033000000000004,NA,375,2.5,FALSE,-375,EUR,CoolBet,gsheets
NA,2025-03-16,football,spain,male,outcome,Sevilla,Ath Bilbao,home,3.2,0.448,0.4336000000000001,NA,450,NA,FALSE,-450,EUR,EpicBet,gsheets
NA,2025-03-16,football,spain,male,handicap,Sevilla,Ath Bilbao,home,1.55,0.738,0.14390000000000003,NA,600,1,FALSE,-600,EUR,CoolBet,gsheets
NA,2025-03-16,football,spain,male,handicap,Vallecano,Sociedad,away,1.68,0.658,0.10544000000000003,NA,600,-0.25,TRUE,408,EUR,EpicBet,gsheets
2025-03-14,2025-03-16,handball,iceland,female,totals,Selfoss,ÍR,under,1.9,0.60525,0.14997499999999986,NA,630,47.5,TRUE,567,EUR,CoolBet,gsheets
2025-03-14,2025-03-16,handball,iceland,female,handicap,Selfoss,ÍR,away,1.9,0.66775,0.2687249999999999,NA,615,-1.5,TRUE,553,EUR,CoolBet,gsheets
2025-03-14,2025-03-16,handball,iceland,female,outcome,Selfoss,ÍR,away,2.9,0.54325,0.5754250000000001,NA,540,NA,TRUE,1026,EUR,CoolBet,gsheets
2025-03-17,2025-03-17,handball,sweden,male,totals,Kristianstad,Karlskrona,under,1.77,0.58475,0.03500749999999997,NA,240,59.5,TRUE,185,EUR,CoolBet,gsheets
2025-03-17,2025-03-17,handball,sweden,male,outcome,Kristianstad,Karlskrona,home,1.36,0.82,0.11520000000000002,NA,1650,NA,TRUE,594,EUR,EpicBet,gsheets
2025-03-17,2025-03-17,handball,sweden,male,handicap,Kristianstad,Karlskrona,home,1.72,0.67075,0.15368999999999988,NA,1110,-2.5,TRUE,799,EUR,CoolBet,gsheets
2025-03-17,2025-03-17,handball,sweden,male,handicap,Kristianstad,Karlskrona,home,1.95,0.63,0.22849999999999993,NA,915,-3.5,TRUE,869,EUR,EpicBet,gsheets
2025-03-17,2025-03-17,handball,sweden,male,totals,Ystads IF,Skovde,under,1.8,0.64525,0.16144999999999998,NA,1050,63.5,FALSE,-1050,EUR,CoolBet,gsheets
2025-03-17,2025-03-18,handball,denmark,female,totals,NFH,Viborg,over,1.58,0.6855,0.08309000000000005,NA,495,56.5,TRUE,287,EUR,Lengjan,gsheets
2025-03-17,2025-03-18,handball,denmark,female,totals,NFH,Viborg,under,1.88,0.61925,0.16418999999999984,NA,645,57.5,TRUE,568,EUR,Bet365,gsheets
2025-03-17,2025-03-18,handball,denmark,female,totals,Odense,Silkeborg-Voel,under,1.95,0.57875,0.1285624999999999,NA,465,60.5,TRUE,442,EUR,Bet365,gsheets
2025-03-17,2025-03-18,handball,spain,female,totals,Elche-Mustang,Porrino,under,1.8,0.69775,0.25595,NA,1110,48.5,TRUE,888,EUR,Bet365,gsheets
2025-03-19,2025-03-19,handball,denmark,female,totals,Esbjerg,Sonderjyske,over,1.85,0.5845,0.08132500000000009,NA,330,57.5,TRUE,280,EUR,CoolBet,gsheets
2025-03-19,2025-03-19,handball,denmark,female,outcome,Ringkobing,Aarhus Handbold,away,2.75,0.4065,0.11787499999999995,NA,225,NA,FALSE,-225,EUR,EpicBet,gsheets
2025-03-18,2025-03-19,handball,iceland,male,outcome,Afturelding,Fjölnir,home,1.1,0.9605,0.056550000000000114,NA,2310,NA,TRUE,231,EUR,CoolBet,gsheets
2025-03-18,2025-03-19,handball,iceland,male,totals,Afturelding,Fjölnir,under,1.9,0.656,0.24639999999999995,NA,1110,60.5,TRUE,999,EUR,EpicBet,gsheets
2025-03-18,2025-03-19,handball,iceland,male,handicap,Afturelding,Fjölnir,home,1.9,0.65825,0.250675,NA,1125,-6.5,TRUE,1012,EUR,EpicBet,gsheets
2025-03-18,2025-03-19,handball,iceland,male,handicap,Fram,ÍBV,home,1.8,0.5905,0.06290000000000007,NA,315,-1.5,TRUE,252,EUR,CoolBet,gsheets
2025-03-18,2025-03-19,handball,iceland,male,outcome,Fram,ÍBV,home,1.6,0.705,0.128,NA,870,NA,TRUE,522,EUR,CoolBet,gsheets
2025-03-18,2025-03-19,handball,iceland,male,totals,Fram,ÍBV,over,1.9,0.7295,0.38605,NA,1740,61.5,TRUE,1566,EUR,EpicBet,gsheets
2025-03-19,2025-03-19,handball,iceland,male,outcome,Haukar,Grótta,home,1.2,0.87125,0.04549999999999993,NA,915,NA,FALSE,-915,EUR,EpicBet,gsheets
2025-03-19,2025-03-19,handball,iceland,male,handicap,Haukar,Grótta,home,1.9,0.57525,0.09297500000000003,NA,420,-4.5,FALSE,-420,EUR,EpicBet,gsheets
2025-03-18,2025-03-19,handball,iceland,male,totals,Haukar,Grótta,under,1.9,0.66025,0.2544749999999999,NA,1140,59.5,TRUE,1026,EUR,CoolBet,gsheets
2025-03-18,2025-03-19,handball,iceland,male,totals,HK,Valur,under,1.9,0.616,0.17039999999999988,NA,765,61.5,TRUE,688,EUR,CoolBet,gsheets
2025-03-18,2025-03-19,handball,iceland,male,outcome,ÍR,Stjarnan,away,1.72,0.66825,0.14939000000000002,NA,840,NA,FALSE,-840,EUR,EpicBet,gsheets
2025-03-18,2025-03-19,handball,iceland,male,outcome,KA,FH,away,1.45,0.80625,0.1690625,NA,1530,NA,TRUE,688,EUR,CoolBet,gsheets
2025-03-18,2025-03-19,handball,iceland,male,totals,KA,FH,under,1.9,0.62725,0.19177499999999992,NA,1035,59.5,TRUE,931,EUR,EpicBet,gsheets
2025-03-18,2025-03-19,handball,iceland,male,handicap,KA,FH,away,1.9,0.639,0.21409999999999996,NA,960,2.5,FALSE,-960,EUR,EpicBet,gsheets
2025-03-18,2025-03-19,handball,iceland,female,handicap,Valur,Haukar,home,1.9,0.5895,0.12004999999999999,NA,585,-2.5,TRUE,526,EUR,CoolBet,gsheets
2025-03-18,2025-03-19,handball,iceland,female,outcome,Valur,Haukar,home,1.55,0.7635,0.18342499999999995,NA,1350,NA,TRUE,743,EUR,CoolBet,gsheets
2025-03-18,2025-03-19,handball,iceland,female,totals,Valur,Haukar,over,1.9,0.67975,0.2915249999999999,NA,1275,52.5,FALSE,-1275,EUR,CoolBet,gsheets
2025-03-18,2025-03-19,handball,norway,female,outcome,Byasen,Larvik,away,1.33,0.80625,0.07231250000000011,NA,750,NA,TRUE,248,EUR,EpicBet,gsheets
2025-03-18,2025-03-19,handball,norway,female,handicap,Byasen,Larvik,away,1.85,0.59625,0.10306249999999995,NA,420,3.5,TRUE,357,EUR,CoolBet,gsheets
2025-03-18,2025-03-19,handball,norway,female,totals,Byasen,Larvik,over,1.85,0.68125,0.26031250000000006,NA,1050,58.5,FALSE,-1050,EUR,EpicBet,gsheets
2025-03-19,2025-03-19,handball,norway,male,totals,Fjellhammer,Runar,under,1.89,0.59175,0.11840749999999989,NA,465,58.5,FALSE,-465,EUR,EpicBet,gsheets
2025-03-18,2025-03-19,handball,norway,female,outcome,Romerike Ravens,Molde,away,1.17,0.86825,0.01585249999999991,NA,315,NA,TRUE,54,EUR,CoolBet,gsheets
2025-03-18,2025-03-19,handball,norway,female,totals,Sola,Oppsal,under,1.85,0.708,0.30979999999999996,NA,1260,60.5,FALSE,-1260,EUR,EpicBet,gsheets
2025-03-18,2025-03-19,handball,spain,male,outcome,CD Bidasoa Irun,Villa de Aranda,home,1.25,0.82525,0.03156250000000005,NA,435,NA,TRUE,109,EUR,EpicBet,gsheets
2025-03-18,2025-03-19,handball,spain,male,totals,Torrelavega,La Rioja,over,1.8,0.7125,0.2825000000000001,NA,1215,58.5,TRUE,972,EUR,Bet365,gsheets
2025-03-18,2025-03-19,handball,spain,male,handicap,Torrelavega,La Rioja,away,1.95,0.684,0.3338000000000001,NA,1215,-2.5,TRUE,1154,EUR,Bet365,gsheets
2025-03-18,2025-03-19,handball,spain,male,outcome,Torrelavega,La Rioja,away,3.75,0.46275,0.7353125,NA,915,NA,TRUE,2516,EUR,EpicBet,gsheets
2025-03-19,2025-03-19,handball,sweden,female,totals,Kristianstad,H 65 Hoor,under,1.85,0.602,0.11370000000000002,NA,465,53.5,FALSE,-465,EUR,Bet365,gsheets
2025-03-19,2025-03-19,handball,sweden,female,handicap,Savehof,Kungalvs,home,1.85,0.58575,0.08363750000000003,NA,345,-6.5,FALSE,-345,EUR,EpicBet,gsheets
2025-03-19,2025-03-19,handball,sweden,female,totals,Savehof,Kungalvs,under,1.95,0.65725,0.2816375,NA,1020,53.5,TRUE,969,EUR,Bet365,gsheets
2025-03-19,2025-03-19,handball,sweden,female,totals,Skara,Skuru,over,1.87,0.60025,0.12246749999999995,NA,480,54.5,FALSE,-480,EUR,EpicBet,gsheets
2025-03-19,2025-03-19,handball,sweden,female,outcome,Vasteras,Skovde,home,1.73,0.648,0.12104000000000004,NA,570,NA,TRUE,416,EUR,EpicBet,gsheets
2025-03-19,2025-03-19,handball,sweden,female,handicap,Vasteras,Skovde,home,1.85,0.6095,0.1275750000000001,NA,525,-0.5,TRUE,446,EUR,Bet365,gsheets
2025-03-19,2025-03-19,handball,sweden,female,outcome,Ystads,Halby,home,5,0.28525,0.42625,NA,375,NA,FALSE,-375,EUR,EpicBet,gsheets
2025-03-20,2025-03-20,handball,denmark,male,handicap,Bjerringbro/Silkeborg,Ribe-Esbjerg,away,1.9,0.6095,0.15805000000000002,NA,600,-4.5,TRUE,540,EUR,EpicBet,gsheets
2025-03-20,2025-03-20,handball,denmark,male,handicap,Bjerringbro/Silkeborg,Ribe-Esbjerg,away,1.9,0.6095,0.15805000000000002,NA,600,-4.5,TRUE,540,EUR,EpicBet,gsheets
2025-03-20,2025-03-20,handball,denmark,female,totals,Horsens,Bjerringbro,under,1.88,0.6625,0.24549999999999994,NA,1260,55.5,TRUE,1109,EUR,CoolBet,gsheets
2025-03-20,2025-03-20,handball,france,male,totals,Tremblay,Toulouse,over,1.9,0.59975,0.139525,NA,540,59.5,FALSE,-540,EUR,Bet365,gsheets
2025-03-19,2025-03-20,handball,germany,male,outcome,Hamburg,MT Melsungen,away,1.55,0.68225,0.05748750000000008,NA,360,NA,FALSE,-360,EUR,EpicBet,gsheets
2025-03-19,2025-03-20,handball,germany,male,totals,Hamburg,MT Melsungen,over,1.88,0.6545,0.2304599999999999,NA,900,57.5,TRUE,792,EUR,EpicBet,gsheets
2025-03-19,2025-03-20,handball,germany,male,handicap,Rhein-Neckar,Hannover-Burgdorf,home,1.85,0.59375,0.09843750000000007,NA,405,0.5,FALSE,-405,EUR,Bet365,gsheets
2025-03-20,2025-03-20,handball,germany,male,totals,Rhein-Neckar,Hannover-Burgdorf,over,1.65,0.67375,0.11168749999999988,NA,780,58.5,TRUE,507,EUR,EpicBet,gsheets
2025-03-17,2025-03-20,handball,germany,male,outcome,Rhein-Neckar,Hannover-Burgdorf,home,2.24,0.54975,0.23143999999999998,NA,645,NA,FALSE,-645,EUR,Lengjan,gsheets
2025-03-19,2025-03-20,handball,germany,male,outcome,Rhein-Neckar,Hannover-Burgdorf,home,2.4,0.54975,0.3193999999999999,NA,780,NA,FALSE,-780,EUR,EpicBet,gsheets
2025-03-18,2025-03-20,handball,iceland,female,totals,ÍR,Fram,under,1.9,0.62375,0.18512499999999998,NA,750,48.5,TRUE,675,EUR,CoolBet,gsheets
2025-03-18,2025-03-20,handball,iceland,female,totals,ÍR,Fram,under,1.85,0.67675,0.25198750000000003,NA,1200,49.5,TRUE,1020,EUR,EpicBet,gsheets
2025-03-18,2025-03-20,handball,norway,female,totals,Follo,Haslum,over,1.85,0.63175,0.1687375000000001,NA,690,51.5,TRUE,586,EUR,EpicBet,gsheets
2025-03-18,2025-03-20,handball,norway,female,outcome,Follo,Haslum,away,3.25,0.38975,0.26668749999999997,NA,405,NA,FALSE,-405,EUR,CoolBet,gsheets
2025-03-20,2025-03-20,handball,poland,male,totals,Zabrze,Chrobry Glogow,over,1.8,0.59775,0.07595000000000002,NA,420,57.5,TRUE,336,EUR,Bet365,gsheets
2025-03-20,2025-03-20,handball,sweden,male,totals,Amo,Karlskrona,over,1.78,0.64925,0.15566500000000005,NA,900,59.5,FALSE,-900,EUR,Bet365,gsheets
2025-03-20,2025-03-20,handball,sweden,male,totals,Onnereds,Skanela,over,1.91,0.56075,0.07103249999999994,NA,345,61.5,FALSE,-345,EUR,EpicBet,gsheets
2025-03-20,2025-03-20,handball,sweden,male,handicap,Onnereds,Skanela,away,1.85,0.61625,0.14006249999999998,NA,735,-6.5,TRUE,625,EUR,Bet365,gsheets
2025-03-20,2025-03-20,handball,sweden,male,totals,Savehof,Hammarby,over,2,0.56125,0.12250000000000005,NA,360,60.5,FALSE,-360,EUR,Bet365,gsheets
2025-03-20,2025-03-20,handball,sweden,male,handicap,Skovde,Hallby,away,1.7,0.61925,0.05272499999999991,NA,345,-3.5,FALSE,-345,EUR,Bet365,gsheets
2025-03-20,2025-03-20,handball,sweden,male,totals,Skovde,Hallby,under,1.8,0.617,0.11060000000000003,NA,615,59.5,TRUE,492,EUR,CoolBet,gsheets
2025-03-20,2025-03-20,handball,sweden,male,totals,Ystads IF,Malmo,under,1.78,0.67325,0.19838500000000003,NA,1140,62.5,FALSE,-1140,EUR,Bet365,gsheets
2025-03-21,2025-03-21,handball,denmark,male,totals,Lemvig,Norddjurs,under,1.85,0.60925,0.12711249999999996,NA,675,61.5,FALSE,-675,EUR,Bet365,gsheets
2025-03-21,2025-03-21,handball,denmark,male,totals,Raekker Molle,Faaborg,under,1.85,0.65825,0.21776250000000008,NA,1155,59.5,TRUE,982,EUR,Bet365,gsheets
2025-03-21,2025-03-21,handball,france,male,totals,Angers,Sarrebourg,under,1.9,0.64525,0.22597499999999993,NA,870,59.5,TRUE,783,EUR,Bet365,gsheets
2025-03-21,2025-03-21,handball,france,male,handicap,Caen,Pontault,away,1.91,0.59775,0.14170249999999995,NA,540,-2.5,TRUE,491,EUR,EpicBet,gsheets
2025-03-20,2025-03-21,handball,france,male,totals,Cesson Rennes-Metropole,Montpellier,under,2,0.75175,0.5035000000000001,NA,1740,58.5,TRUE,1740,EUR,Bet365,gsheets
2025-03-20,2025-03-21,handball,france,male,totals,Creteil,Nimes,over,1.95,0.642,0.2519,NA,915,59.5,FALSE,-915,EUR,EpicBet,gsheets
2025-03-21,2025-03-21,handball,france,male,totals,Frotignan,Valence,over,1.8,0.63675,0.1461500000000001,NA,630,63.5,TRUE,504,EUR,Bet365,gsheets
2025-03-20,2025-03-21,handball,france,male,handicap,Ivry,PSG,home,1.9,0.60975,0.15852500000000003,NA,615,9.5,FALSE,-615,EUR,Bet365,gsheets
2025-03-21,2025-03-21,handball,germany,male,outcome,Dormagen,Konstanz,home,1.2,0.8715,0.045800000000000035,NA,1035,NA,TRUE,207,EUR,CoolBet,gsheets
2025-03-21,2025-03-21,handball,germany,male,totals,Essen,Minden,under,1.85,0.637,0.1784500000000001,NA,945,57.5,FALSE,-945,EUR,EpicBet,gsheets
2025-03-21,2025-03-21,handball,germany,male,totals,Hagen,Grosswallstadt,over,1.85,0.67025,0.23996250000000008,NA,1275,57.5,FALSE,-1275,EUR,Bet365,gsheets
2025-03-20,2025-03-21,handball,germany,male,handicap,SC Magdeburg,Fuchse Berlin,away,1.62,0.65725,0.06474500000000005,NA,465,-2.5,TRUE,288,EUR,EpicBet,gsheets
2025-03-20,2025-03-21,handball,germany,male,totals,SC Magdeburg,Fuchse Berlin,over,1.68,0.73075,0.22765999999999997,NA,1500,59.5,TRUE,1020,EUR,EpicBet,gsheets
2025-03-19,2025-03-21,handball,germany,male,totals,SC Magdeburg,Fuchse Berlin,over,1.88,0.61275,0.15196999999999994,NA,615,61.5,TRUE,541,EUR,EpicBet,gsheets
2025-03-19,2025-03-21,handball,germany,male,outcome,SC Magdeburg,Fuchse Berlin,away,2.8,0.425,0.18999999999999995,NA,360,NA,TRUE,648,EUR,EpicBet,gsheets
2025-03-20,2025-03-21,handball,iceland,female,totals,Grótta,Stjarnan,over,1.9,0.6365,0.20934999999999981,NA,945,48.5,TRUE,850,EUR,CoolBet,gsheets
2025-03-20,2025-03-21,handball,iceland,female,totals,Grótta,Stjarnan,over,1.85,0.68375,0.26493750000000005,NA,1950,47.5,TRUE,1658,EUR,EpicBet,gsheets
2025-03-20,2025-03-21,handball,slovenia,male,handicap,Slovan,Loka,away,1.85,0.63925,0.18261250000000007,NA,735,-6.5,FALSE,-735,EUR,Bet365,gsheets
2025-03-21,2025-03-22,handball,denmark,male,totals,FIF,Odense,over,1.85,0.67975,0.2575375,NA,1365,60.5,TRUE,1160,EUR,Bet365,gsheets
2025-03-20,2025-03-22,handball,denmark,male,totals,GOG,Nordsjaelland,over,1.88,0.59075,0.11060999999999999,NA,570,61.5,TRUE,502,EUR,Bet365,gsheets
2025-03-20,2025-03-22,handball,denmark,male,totals,Skjern,Aalborg,over,1.88,0.6665,0.2530199999999999,NA,1290,58.5,TRUE,1135,EUR,Bet365,gsheets
2025-03-20,2025-03-22,handball,france,male,totals,Nantes,Dunkerque,under,1.88,0.588,0.10543999999999987,NA,420,60.5,TRUE,370,EUR,Bet365,gsheets
2025-03-20,2025-03-22,handball,germany,male,totals,Bietigheim-Metterzimmern,Potsdam,under,1.78,0.679,0.20862000000000014,NA,930,54.5,FALSE,-930,EUR,Bet365,gsheets
2025-03-20,2025-03-22,handball,germany,male,outcome,Bietigheim-Metterzimmern,Potsdam,away,5,0.247,0.235,NA,210,NA,FALSE,-210,EUR,EpicBet,gsheets
2025-03-20,2025-03-22,handball,germany,male,outcome,Erlangen,Gummersbach,away,1.95,0.64875,0.2650625000000001,NA,960,NA,TRUE,912,EUR,EpicBet,gsheets
2025-03-20,2025-03-22,handball,germany,male,handicap,Erlangen,Gummersbach,away,1.9,0.604,0.14759999999999995,NA,570,0.5,TRUE,513,EUR,Bet365,gsheets
2025-03-17,2025-03-22,handball,germany,male,outcome,Erlangen,Gummersbach,away,1.78,0.64875,0.1547750000000001,NA,690,NA,TRUE,538,EUR,Lengjan,gsheets
2025-03-21,2025-03-22,handball,germany,male,totals,Ferndorf,Hamm-Westfalen,under,1.85,0.6015,0.11277500000000007,NA,600,58.5,FALSE,-600,EUR,Bet365,gsheets
2025-03-20,2025-03-22,handball,germany,male,outcome,Flensburg-H.,Kiel,home,1.73,0.60675,0.049677499999999986,NA,240,NA,TRUE,175,EUR,EpicBet,gsheets
2025-03-20,2025-03-22,handball,germany,male,totals,Flensburg-H.,Kiel,under,1.88,0.58,0.09039999999999981,NA,360,62.5,FALSE,-360,EUR,Bet365,gsheets
2025-03-22,2025-03-22,handball,germany,female,handicap,Kurpfalz Baren Ketsch,Leipzig,under,1.85,0.6305,0.16642499999999993,NA,885,55.5,FALSE,-885,EUR,Bet365,gsheets
2025-03-21,2025-03-22,handball,germany,male,totals,Lubeck-Schwartau,Elbflorenz,under,1.85,0.68625,0.26956250000000015,NA,1425,60.5,FALSE,-1425,EUR,Bet365,gsheets
2025-03-22,2025-03-22,handball,germany,female,handicap,Mainz-Bretzenheim,Fuchse Berlin,under,1.85,0.634,0.17290000000000005,NA,915,49.5,FALSE,-915,EUR,Bet365,gsheets
2025-03-22,2025-03-22,handball,germany,female,handicap,Nurtingen,Werder Bremen,under,1.75,0.6035,0.05612500000000009,NA,330,58.5,FALSE,-330,EUR,Bet365,gsheets
2025-03-22,2025-03-22,handball,germany,female,totals,Regensburg,Bergischer,under,1.85,0.599,0.10814999999999997,NA,570,56.5,TRUE,485,EUR,Bet365,gsheets
2025-03-22,2025-03-22,handball,germany,female,handicap,Regensburg,Bergischer,home,1.85,0.60175,0.1132375000000001,NA,600,-1.5,TRUE,510,EUR,Bet365,gsheets
2025-03-22,2025-03-22,handball,germany,female,handicap,Rosengarten-Buchholz,Bad Wildungen,away,1.9,0.56825,0.07967500000000005,NA,405,-2.5,FALSE,-405,EUR,Bet365,gsheets
2025-02-22,2025-03-22,handball,norway,male,totals,Follo,Elverum,under,1.95,0.539,0.05105000000000004,NA,345,60.5,TRUE,328,EUR,EpicBet,gsheets
2025-02-22,2025-03-22,handball,norway,male,handicap,Follo,Elverum,home,1.87,0.564,0.05467999999999995,NA,390,8.5,FALSE,-390,EUR,EpicBet,gsheets
2025-03-21,2025-03-22,handball,spain,male,handicap,Barcelona,Nava,away,1.87,0.77875,0.45626250000000024,NA,2370,-15.5,FALSE,-2370,EUR,EpicBet,gsheets
2025-03-21,2025-03-22,handball,spain,male,totals,Barcelona,Nava,over,1.95,0.6415,0.25092499999999984,NA,1185,67.5,TRUE,1126,EUR,EpicBet,gsheets
2025-03-21,2025-03-22,handball,spain,male,totals,Barcelona,Nava,over,1.55,0.75325,0.1675375,NA,1365,65.5,TRUE,751,EUR,Lengjan,gsheets
2025-03-21,2025-03-22,handball,spain,male,totals,La Rioja,Benidorm,over,1.85,0.6145,0.13682500000000009,NA,720,60.5,TRUE,612,EUR,Bet365,gsheets
2025-03-20,2025-03-23,handball,france,male,totals,Chambery Savoie,Istres,under,2,0.55225,0.10450000000000004,NA,360,61.5,TRUE,360,EUR,Bet365,gsheets
2025-03-23,2025-03-23,handball,germany,male,outcome,HSG Wetzlar,Goppingen,home,2.15,0.56375,0.21206249999999993,NA,1245,NA,TRUE,1432,EUR,CoolBet,gsheets
2025-03-23,2025-03-23,handball,germany,male,handicap,HSG Wetzlar,Goppingen,home,1.58,0.68925,0.08901500000000012,NA,1035,1.5,TRUE,600,EUR,CoolBet,gsheets
2025-03-23,2025-03-23,handball,germany,male,totals,Stuttgart,Eisenach,over,1.53,0.72875,0.11498750000000002,NA,1470,56.5,TRUE,779,EUR,EpicBet,gsheets
2025-03-23,2025-03-23,handball,germany,male,outcome,Stuttgart,Eisenach,away,1.85,0.59075,0.09288750000000001,NA,735,NA,FALSE,-735,EUR,EpicBet,gsheets
2025-02-22,2025-03-23,handball,norway,male,outcome,Drammen,Arendal,away,4,0.37275,0.4910000000000002,NA,1035,NA,TRUE,3105,EUR,EpicBet,gsheets
2025-02-22,2025-03-23,handball,norway,male,handicap,Drammen,Arendal,away,1.95,0.56375,0.09931249999999991,NA,660,-2.5,TRUE,627,EUR,Bet365,gsheets
2025-02-22,2025-03-23,handball,norway,male,totals,Drammen,Arendal,under,2,0.545,0.09000000000000008,NA,570,61.5,FALSE,-570,EUR,EpicBet,gsheets
2025-03-23,2025-03-23,handball,norway,female,totals,Fana,Romerike Ravens,under,1.85,0.8025,0.4846250000000001,NA,4485,60.5,FALSE,-4485,EUR,Bet365,gsheets
2025-03-23,2025-03-23,handball,norway,female,handicap,Fana,Romerike Ravens,away,1.8,0.63972,0.15149599999999996,NA,1485,-6.5,TRUE,1188,EUR,Bet365,gsheets
2025-03-23,2025-03-23,handball,norway,female,handicap,Fredrikstad,Gjerpen,away,1.85,0.61175,0.13173750000000006,NA,1215,-1.5,FALSE,-1215,EUR,EpicBet,gsheets
2025-03-23,2025-03-23,handball,norway,female,totals,Fredrikstad,Gjerpen,under,1.8,0.61875,0.11375000000000007,NA,1125,56.5,FALSE,-1125,EUR,CoolBet,gsheets
2025-02-22,2025-03-23,handball,norway,male,outcome,Halden,Bergen,home,2.2,0.51225,0.12695,NA,660,NA,FALSE,-660,EUR,EpicBet,gsheets
2025-02-22,2025-03-23,handball,norway,male,totals,Halden,Bergen,over,1.95,0.57175,0.11491249999999997,NA,765,57.5,TRUE,727,EUR,Bet365,gsheets
2025-02-22,2025-03-23,handball,norway,male,outcome,Haslum HK,Sandnes,home,4,0.453,0.812,NA,1710,NA,FALSE,-1710,EUR,CoolBet,gsheets
2025-02-22,2025-03-23,handball,norway,male,handicap,Haslum HK,Sandnes,home,1.95,0.64075,0.24946250000000003,NA,1650,2.5,FALSE,-1650,EUR,Bet365,gsheets
2025-02-22,2025-03-23,handball,norway,male,totals,Haslum HK,Sandnes,over,1.95,0.6,0.16999999999999993,NA,1125,58.5,FALSE,-1125,EUR,Bet365,gsheets
2025-02-22,2025-03-23,handball,norway,male,handicap,Kristiansand,Kolstad,home,1.87,0.55825,0.04392750000000012,NA,315,7.5,TRUE,274,EUR,EpicBet,gsheets
2025-02-22,2025-03-23,handball,norway,male,totals,Kristiansand,Kolstad,over,1.85,0.6225,0.15162500000000012,NA,1125,58.5,TRUE,956,EUR,EpicBet,gsheets
2025-03-23,2025-03-23,handball,norway,female,outcome,Molde,Ternes,home,1.4,0.76625,0.07274999999999993,NA,1425,NA,TRUE,570,EUR,CoolBet,gsheets
2025-03-23,2025-03-23,handball,norway,female,handicap,Molde,Tert,home,1.8,0.6125,0.10250000000000009,NA,1005,-2.5,TRUE,804,EUR,Bet365,gsheets
2025-03-23,2025-03-23,handball,norway,female,totals,Oppsal,Follo,over,1.85,0.5995,0.10907500000000014,NA,1005,57.5,FALSE,-1005,EUR,EpicBet,gsheets
2025-03-23,2025-03-23,handball,spain,male,totals,Atl. Valladolid,Anaitasuna,over,1.87,0.659,0.23233000000000015,NA,2100,58.5,TRUE,1827,EUR,EpicBet,gsheets
2025-03-23,2025-03-23,handball,spain,male,totals,Cuenca,Ademar,under,2,0.5855,0.17100000000000004,NA,1350,58.5,FALSE,-1350,EUR,Bet365,gsheets
2025-03-24,2025-03-24,handball,sweden,male,totals,Malmo,Helsingborg,under,1.67,0.74175,0.2387225,NA,2805,58.5,TRUE,1879,EUR,CoolBet,gsheets
2025-03-24,2025-03-24,handball,sweden,male,handicap,Ystads IF,Hallby,away,2,0.6025,0.20500000000000007,NA,1620,-5.5,FALSE,-1620,EUR,Bet365,gsheets
2025-03-24,2025-03-24,handball,sweden,male,totals,Ystads IF,Hallby,under,1.88,0.61125,0.1491499999999999,NA,1335,62.5,FALSE,-1335,EUR,Bet365,gsheets
2025-03-24,2025-03-25,handball,denmark,female,totals,Silkeborg-Voel,Skanderborg,over,1.88,0.6205,0.16654000000000002,NA,1485,57.5,TRUE,1307,EUR,Bet365,gsheets
2025-03-24,2025-03-25,handball,germany,male,totals,Minden,Dormagen,over,1.85,0.57775,0.06883750000000005,NA,540,61.5,TRUE,459,EUR,Bet365,gsheets
2025-03-24,2025-03-25,handball,sweden,male,totals,Karlskrona,Savehof,under,2,0.601,0.20199999999999996,NA,1590,60.5,TRUE,1590,EUR,Bet365,gsheets
2025-03-24,2025-03-25,handball,sweden,male,totals,Kristianstad,Hammarby,under,2,0.599,0.19799999999999995,NA,1560,60.5,TRUE,1560,EUR,Bet365,gsheets
2025-03-24,2025-03-25,handball,sweden,male,outcome,Kristianstad,Hammarby,home,1.4,0.7975,0.11649999999999994,NA,2295,NA,FALSE,-2295,EUR,CoolBet,gsheets
2025-03-24,2025-03-25,handball,sweden,male,handicap,Kristianstad,Hammarby,home,1.62,0.701,0.13562000000000002,NA,1725,-1.5,FALSE,-1725,EUR,CoolBet,gsheets
2025-03-24,2025-03-25,handball,sweden,female,totals,Savehof,Hallby,over,1.75,0.62875,0.10031250000000003,NA,1050,56.5,TRUE,788,EUR,Bet365,gsheets
2025-03-26,2025-03-26,handball,denmark,female,handicap,Ringkobing,Odense,home,1.95,0.7085,0.381575,NA,1500,8.5,TRUE,1425,EUR,Bet365,gsheets
2025-03-24,2025-03-26,handball,germany,male,outcome,Dessauer,Hagen,away,2.8,0.49,0.3719999999999999,NA,465,NA,TRUE,837,EUR,CoolBet,gsheets
2025-03-25,2025-03-26,handball,germany,male,handicap,Dessauer,Hagen,away,1.85,0.61725,0.1419125,NA,1125,-1.5,TRUE,956,EUR,EpicBet,gsheets
2025-03-24,2025-03-26,handball,germany,male,outcome,Grosswallstadt,Coburg 2000,away,2.5,0.522,0.30500000000000005,NA,465,NA,FALSE,-465,EUR,CoolBet,gsheets
2025-03-25,2025-03-26,handball,germany,male,handicap,Grosswallstadt,Coburg 2000,away,1.68,0.649,0.09032000000000001,NA,900,-1.5,FALSE,-900,EUR,EpicBet,gsheets
2025-03-24,2025-03-26,handball,germany,male,outcome,HBW Balingen-Weilstetten,Lubeck-Schwartau,home,1.2,0.84775,0.017299999999999954,NA,585,NA,TRUE,117,EUR,CoolBet,gsheets
2025-03-24,2025-03-26,handball,germany,male,outcome,Konstanz,Bergischer,away,1.18,0.8955,0.05668999999999991,NA,2130,NA,TRUE,383,EUR,CoolBet,gsheets
2025-03-24,2025-03-26,handball,germany,male,outcome,N-Lubbecke,Essen,home,1.67,0.658,0.09886,NA,990,NA,FALSE,-990,EUR,CoolBet,gsheets
2025-03-25,2025-03-26,handball,iceland,male,outcome,FH,ÍR,home,1.18,0.9155,0.08028999999999992,NA,5850,NA,TRUE,1053,EUR,CoolBet,gsheets
2025-03-25,2025-03-26,handball,iceland,male,handicap,FH,ÍR,home,1.9,0.60275,0.14522499999999994,NA,2115,-5.5,TRUE,1904,EUR,CoolBet,gsheets
2025-03-25,2025-03-26,handball,iceland,male,totals,FH,ÍR,under,1.9,0.58875,0.11862499999999998,NA,1725,64.5,TRUE,1552,EUR,CoolBet,gsheets
2025-03-25,2025-03-26,handball,iceland,male,totals,Fjölnir,KA,under,1.9,0.64475,0.22502500000000003,NA,3285,60.5,FALSE,-3285,EUR,CoolBet,gsheets
2025-03-25,2025-03-26,handball,iceland,male,outcome,Fjölnir,KA,away,1.45,0.70925,0.028412500000000063,NA,825,NA,TRUE,371,EUR,EpicBet,gsheets
2025-03-25,2025-03-26,handball,iceland,male,outcome,Grótta,Afturelding,away,1.25,0.8295,0.03687500000000002,NA,1935,NA,TRUE,484,EUR,CoolBet,gsheets
2025-03-25,2025-03-26,handball,iceland,male,totals,Grótta,Afturelding,under,1.9,0.63875,0.21362500000000006,NA,3120,59.5,TRUE,2808,EUR,CoolBet,gsheets
2025-03-25,2025-03-26,handball,iceland,male,outcome,Grótta,Afturelding,away,1.3,0.8295,0.07835000000000006,NA,3435,NA,TRUE,1031,EUR,EpicBet,gsheets
2025-03-25,2025-03-26,handball,iceland,male,totals,Grótta,Afturelding,under,1.9,0.696,0.3223999999999998,NA,4695,60.5,TRUE,4226,EUR,EpicBet,gsheets
2025-03-25,2025-03-26,handball,iceland,male,totals,Stjarnan,Fram,over,1.9,0.568,0.07919999999999983,NA,1155,61.5,FALSE,-1155,EUR,CoolBet,gsheets
2025-03-25,2025-03-26,handball,iceland,male,handicap,Valur,Haukar,away,1.9,0.585,0.11149999999999993,NA,1620,-2.5,TRUE,1458,EUR,CoolBet,gsheets
2025-03-25,2025-03-26,handball,iceland,male,handicap,Valur,Haukar,away,1.9,0.66275,0.2592249999999998,NA,3780,-3.5,TRUE,3402,EUR,EpicBet,gsheets
2025-03-26,2025-03-26,handball,norway,male,totals,Fjellhammer,Naerbo,under,1.8,0.69275,0.24695,NA,1620,57.5,TRUE,1296,EUR,EpicBet,gsheets
2025-03-26,2025-03-26,handball,norway,male,outcome,Runar,Sandnes,home,1.25,0.8635,0.07937500000000006,NA,1665,NA,TRUE,416,EUR,EpicBet,gsheets
2025-03-26,2025-03-26,handball,norway,male,handicap,Runar,Sandnes,home,1.75,0.68,0.19000000000000006,NA,1335,-3.5,TRUE,1001,EUR,EpicBet,gsheets
2025-03-26,2025-03-26,handball,spain,female,outcome,La Calzada,Bera Bera,away,1.17,0.8865,0.03720499999999988,NA,1725,NA,TRUE,293,EUR,EpicBet,gsheets
2025-03-26,2025-03-26,handball,spain,female,handicap,Porrino,Malaga,home,1.75,0.628,0.09899999999999998,NA,1035,2.5,FALSE,-1035,EUR,EpicBet,gsheets
2025-03-27,2025-03-27,handball,germany,male,totals,Gummersbach,HSG Wetzlar,over,1.78,0.596,0.06087999999999999,NA,465,57.5,FALSE,-465,EUR,Bet365,gsheets
2025-03-27,2025-03-27,handball,germany,male,totals,Hannover-Burgdorf,Bietigheim-Metterzimmern,over,1.65,0.71675,0.18263749999999995,NA,1665,57.5,FALSE,-1665,EUR,EpicBet,gsheets
2025-03-26,2025-03-27,handball,iceland,female,outcome,Fram,ÍBV,home,1.16,0.9085,0.05385999999999991,NA,5850,NA,TRUE,936,EUR,EpicBet,gsheets
2025-03-26,2025-03-27,handball,iceland,female,handicap,Fram,ÍBV,home,1.9,0.6265,0.1903499999999998,NA,2775,-5.5,TRUE,2498,EUR,EpicBet,gsheets
2025-03-26,2025-03-27,handball,iceland,female,handicap,Grótta,Valur,away,1.9,0.76125,0.44637499999999986,NA,6450,7.5,TRUE,5805,EUR,EpicBet,gsheets
2025-03-26,2025-03-27,handball,iceland,female,totals,Grótta,Valur,over,1.91,0.568,0.08487999999999984,NA,1230,52.5,FALSE,-1230,EUR,EpicBet,gsheets
2025-03-26,2025-03-27,handball,iceland,female,outcome,Grótta,Valur,away,1.08,0.97275,0.05057000000000007,NA,11250,NA,TRUE,900,EUR,EpicBet,gsheets
2025-03-26,2025-03-27,handball,iceland,female,totals,Haukar,ÍR,under,1.9,0.53825,0.022674999999999945,NA,330,49.5,TRUE,297,EUR,CoolBet,gsheets
2025-03-27,2025-03-27,handball,norway,female,totals,Fjellhammer,Nordstrand,under,1.75,0.69325,0.21318750000000009,NA,1710,58.5,TRUE,1282,EUR,Bet365,gsheets
2025-03-26,2025-03-27,handball,spain,male,handicap,Ademar,Barcelona,home,1.9,0.71575,0.35992499999999994,NA,1200,10.5,TRUE,1080,EUR,Bet365,gsheets
2025-03-27,2025-03-27,handball,sweden,male,handicap,Hallby,Ystads IF,home,1.95,0.62475,0.21826250000000003,NA,1380,4.5,FALSE,-1380,EUR,Bet365,gsheets
2025-03-27,2025-03-27,handball,sweden,male,totals,Hallby,Ystads IF,under,1.78,0.62625,0.11472499999999997,NA,885,63.5,TRUE,690,EUR,Bet365,gsheets
2025-03-27,2025-03-27,handball,sweden,male,totals,Helsingborg,Malmo,under,1.88,0.59625,0.12094999999999989,NA,825,57.5,TRUE,726,EUR,CoolBet,gsheets
2025-03-27,2025-03-27,handball,sweden,female,outcome,Vasteras,Skuru,home,2.02,0.539,0.08878000000000008,NA,525,NA,FALSE,-525,EUR,CoolBet,gsheets
2025-03-28,2025-03-28,handball,denmark,male,totals,Ribe-Esbjerg,GOG,over,1.95,0.58,0.1309999999999999,NA,825,62.5,FALSE,-825,EUR,EpicBet,gsheets
2025-03-27,2025-03-28,handball,france,male,totals,Montpellier,Tremblay,over,1.75,0.66325,0.16068749999999998,NA,1275,58.5,FALSE,-1275,EUR,EpicBet,gsheets
2025-03-27,2025-03-28,handball,france,male,totals,Nimes,Ivry,under,1.68,0.6565,0.1029199999999999,NA,915,60.5,TRUE,622,EUR,EpicBet,gsheets
2025-03-27,2025-03-28,handball,france,female,handicap,Plan de Cuques,Sambre Avesnios,away,1.95,0.622,0.21289999999999998,NA,1350,-3.5,FALSE,-1350,EUR,EpicBet,gsheets
2025-03-27,2025-03-28,handball,france,male,totals,Pontault,Dijon,under,1.85,0.64625,0.19556250000000008,NA,1380,57.5,TRUE,1173,EUR,EpicBet,gsheets
2025-03-27,2025-03-28,handball,france,male,outcome,Selestat,Angers,home,1.14,0.9365,0.06760999999999992,NA,2895,NA,TRUE,405,EUR,EpicBet,gsheets
2025-03-27,2025-03-28,handball,france,male,totals,Toulouse,Cesson Rennes-Metropole,under,1.75,0.6205,0.08587500000000009,NA,690,59.5,FALSE,-690,EUR,EpicBet,gsheets
2025-03-27,2025-03-28,handball,france,male,handicap,Toulouse,Cesson Rennes-Metropole,away,1.8,0.66325,0.19385000000000008,NA,1455,-5.5,FALSE,-1455,EUR,EpicBet,gsheets
2025-03-27,2025-03-28,handball,france,male,totals,Valence,Saran,under,1.73,0.6165,0.06654500000000008,NA,540,59.5,FALSE,-540,EUR,EpicBet,gsheets
2025-03-27,2025-03-28,handball,france,male,outcome,Valence,Saran,away,1.4,0.792,0.10880000000000001,NA,1635,NA,FALSE,-1635,EUR,EpicBet,gsheets
2025-03-27,2025-03-28,handball,germany,male,outcome,Eisenach,Rhein-Neckar,away,2.2,0.5255,0.15610000000000002,NA,780,NA,TRUE,936,EUR,EpicBet,gsheets
2025-03-27,2025-03-28,handball,germany,male,totals,Eisenach,Rhein-Neckar,over,1.8,0.572,0.02959999999999996,NA,585,60.5,TRUE,468,EUR,EpicBet,gsheets
2025-03-27,2025-03-28,handball,germany,male,outcome,Goppingen,Leipzig,home,2,0.55475,0.10949999999999993,NA,660,NA,TRUE,660,EUR,EpicBet,gsheets
2025-03-27,2025-03-28,handball,sweden,male,totals,Hammarby,Kristianstad,under,1.88,0.57325,0.07771000000000006,NA,525,60.5,TRUE,462,EUR,Bet365,gsheets
2025-03-27,2025-03-28,handball,sweden,female,outcome,Onnereds,H 65 Hoor,away,2,0.60425,0.2084999999999999,NA,1245,NA,TRUE,1245,EUR,EpicBet,gsheets
2025-03-27,2025-03-28,handball,sweden,female,handicap,Onnereds,H 65 Hoor,away,2.4,0.491,0.1783999999999999,NA,765,1.5,TRUE,1071,EUR,EpicBet,gsheets
2025-03-27,2025-03-28,handball,sweden,female,totals,Onnereds,H 65 Hoor,under,1.95,0.625,0.21875,NA,1380,49.5,TRUE,1311,EUR,Bet365,gsheets
2025-03-28,2025-03-29,handball,denmark,male,totals,Ringsted,Bjerringbro/Silkeborg,under,1.88,0.56675,0.06548999999999988,NA,450,61.5,TRUE,396,EUR,Bet365,gsheets
2025-03-27,2025-03-29,handball,germany,male,totals,Lemgo,Flensburg-H.,under,1.88,0.68375,0.28544999999999987,NA,1950,60.5,FALSE,-1950,EUR,EpicBet,gsheets
2025-03-27,2025-03-29,handball,germany,male,totals,Potsdam,Erlangen,over,1.88,0.69525,0.30706999999999995,NA,2100,51.5,FALSE,-2100,EUR,EpicBet,gsheets
2025-03-26,2025-03-29,handball,spain,male,totals,Granollers,Villa de Aranda,under,1.88,0.62775,0.18016999999999994,NA,1230,61.5,FALSE,-1230,EUR,Bet365,gsheets
2025-03-28,2025-03-29,handball,spain,male,totals,Granollers,Villa de Aranda,under,1.89,0.61975,0.17132749999999997,NA,1155,61.5,FALSE,-1155,EUR,EpicBet,gsheets
2025-03-28,2025-03-29,handball,spain,male,handicap,Quabit Guadalajara,Barcelona,home,1.8,0.80325,0.4458500000000001,NA,1260,16.5,TRUE,1008,EUR,Bet365,gsheets
2025-03-28,2025-03-29,handball,spain,male,totals,Quabit Guadalajara,Barcelona,under,8.1,0.6455,4.228549999999999,NA,270,66.5,TRUE,1917,EUR,EpicBet,gsheets
2025-03-27,2025-03-29,handball,sweden,male,handicap,Onnereds,Aranas,away,1.78,0.6035,0.07423000000000007,NA,570,-4.5,TRUE,445,EUR,Bet365,gsheets
2025-03-28,2025-03-29,handball,sweden,male,handicap,Onnereds,Aranas,away,1.78,0.6035,0.07423000000000007,NA,570,-4.5,TRUE,445,EUR,Bet365,gsheets
2025-03-28,2025-03-30,handball,denmark,male,totals,Fredericia,Mors,over,1.88,0.57825,0.08711000000000002,NA,600,58.5,TRUE,528,EUR,Bet365,gsheets
2025-03-28,2025-03-30,handball,denmark,male,totals,Nordsjaelland,Skanderborg AGF,over,1.88,0.60175,0.1312899999999999,NA,900,57.5,TRUE,792,EUR,Bet365,gsheets
2025-03-28,2025-03-30,handball,sweden,male,handicap,Amo HK,Vinslovs,under,2,0.74625,0.49249999999999994,NA,2955,62.5,TRUE,2955,EUR,Bet365,gsheets
2025-03-28,2025-03-30,handball,sweden,male,handicap,Ystads IF,Hallby,away,1.9,0.62075,0.17942499999999995,NA,1200,-6.5,FALSE,-1200,EUR,Bet365,gsheets
2025-04-04,2025-04-04,handball,denmark,male,totals,Holstebro,Nordsjaelland,over,1.85,0.5995,0.10907500000000014,NA,1530,61.5,FALSE,-1530,EUR,EpicBet,gsheets
2025-04-04,2025-04-04,handball,denmark,male,handicap,Holstebro,Nordsjaelland,away,1.88,0.5755,0.08194000000000001,NA,555,-3.5,FALSE,-555,EUR,CoolBet,gsheets
2025-04-04,2025-04-04,handball,france,male,handicap,Caen,Cournon d'Auvergne,away,1.9,0.62975,0.19652499999999995,NA,1305,-3.5,FALSE,-1305,EUR,Bet365,gsheets
2025-04-04,2025-04-04,handball,france,male,totals,Chambery Savoie,Aix,over,1.89,0.66125,0.2497625,NA,1575,60.5,TRUE,1402,EUR,EpicBet,gsheets
2025-04-04,2025-04-04,handball,france,male,totals,Cherbourg,Selestat,under,1.85,0.592,0.09519999999999995,NA,675,55.5,TRUE,574,EUR,EpicBet,gsheets
2025-04-04,2025-04-04,handball,france,male,outcome,Creteil,Dunkerque,home,2.1,0.5065,0.06364999999999998,NA,345,NA,FALSE,-345,EUR,EpicBet,gsheets
2025-04-04,2025-04-04,handball,france,male,totals,Dijon,Nancy,under,1.91,0.57375,0.09586249999999996,NA,630,60.5,FALSE,-630,EUR,EpicBet,gsheets
2025-04-04,2025-04-04,handball,france,male,totals,Pau Billere,Pontault,under,1.95,0.68075,0.3274624999999999,NA,1725,58.5,FALSE,-1725,EUR,Bet365,gsheets
2025-04-04,2025-04-04,handball,france,male,totals,Saran,Frontignan,over,1.91,0.606,0.15745999999999993,NA,1035,63.5,TRUE,942,EUR,EpicBet,gsheets
2025-04-04,2025-04-04,handball,france,male,handicap,St. Raphael,Montpellier,home,1.9,0.55175,0.048324999999999896,NA,315,3.5,FALSE,-315,EUR,EpicBet,gsheets
2025-04-04,2025-04-04,handball,germany,male,handicap,HSG Wetzlar,Stuttgart,home,1.8,0.59075,0.06335000000000002,NA,480,-1.5,FALSE,-480,EUR,EpicBet,gsheets
2025-04-04,2025-04-04,handball,germany,male,outcome,HSG Wetzlar,Stuttgart,home,1.53,0.70625,0.08056250000000009,NA,915,NA,FALSE,-915,EUR,EpicBet,gsheets
2025-04-04,2025-04-04,handball,germany,male,totals,HSG Wetzlar,Stuttgart,over,1.95,0.56625,0.10418749999999999,NA,660,55.5,FALSE,-660,EUR,Bet365,gsheets
2025-04-01,2025-04-04,handball,iceland,male,totals,FH,HK,under,1.9,0.6265,0.1903499999999998,NA,4500,58.5,TRUE,4050,EUR,CoolBet,gsheets
2025-04-01,2025-04-04,handball,iceland,male,totals,Fram,Haukar,over,1.9,0.66475,0.26302499999999984,NA,6195,60.5,FALSE,-6195,EUR,EpicBet,gsheets
2025-04-01,2025-04-04,handball,iceland,male,handicap,Fram,Haukar,away,1.9,0.5695,0.08204999999999996,NA,1935,-1.5,TRUE,1741,EUR,EpicBet,gsheets
2025-04-01,2025-04-04,handball,iceland,male,outcome,Fram,Haukar,away,2.85,0.45175,0.2874875,NA,3300,NA,FALSE,-3300,EUR,CoolBet,gsheets
2025-04-04,2025-04-04,handball,iceland,male,totals,Grótta,Hörður,under,1.85,0.68175,0.2612375,NA,6525,59.5,FALSE,-6525,EUR,EpicBet,gsheets
2025-04-04,2025-04-04,handball,iceland,male,handicap,Selfoss,Víkingur,away,1.85,0.6155,0.1386750000000001,NA,3450,-3.5,TRUE,2933,EUR,EpicBet,gsheets
2025-04-04,2025-04-04,handball,iceland,male,totals,Selfoss,Víkingur,under,1.85,0.5915,0.09427500000000011,NA,2355,59.5,TRUE,2002,EUR,EpicBet,gsheets
2025-04-04,2025-04-05,handball,denmark,male,totals,Aalborg,Kolding,over,1.89,0.586,0.10753999999999986,NA,1500,60.5,TRUE,1335,EUR,EpicBet,gsheets
2025-04-04,2025-04-05,handball,denmark,female,handicap,Aarhus Handbold,Odense,home,1.93,0.61375,0.18453750000000002,NA,1185,11.5,TRUE,1102,EUR,CoolBet,gsheets
2025-04-04,2025-04-05,handball,denmark,female,totals,Aarhus Handbold,Odense,under,1.78,0.825,0.4684999999999999,NA,3600,60.5,FALSE,-3600,EUR,Bet365,gsheets
2025-04-04,2025-04-05,handball,denmark,female,handicap,Aarhus Handbold,Odense,home,2,0.61375,0.22750000000000004,NA,1365,11.5,TRUE,1365,EUR,Bet365,gsheets
2025-04-04,2025-04-05,handball,denmark,female,totals,Bjerringbro,Skanderborg,over,1.88,0.60475,0.13693,NA,930,55.5,TRUE,818,EUR,Bet365,gsheets
2025-04-04,2025-04-05,handball,denmark,female,totals,Copenhagen,Ringkobing,under,1.85,0.57225,0.05866250000000012,NA,405,63.5,FALSE,-405,EUR,EpicBet,gsheets
2025-04-04,2025-04-05,handball,denmark,female,totals,Copenhagen,Ringkobing,under,1.88,0.57225,0.07582999999999995,NA,510,63.5,FALSE,-510,EUR,Bet365,gsheets
2025-04-04,2025-04-05,handball,denmark,female,outcome,EH Aalborg,Sonderjyske,away,1.6,0.662,0.059200000000000086,NA,1170,NA,FALSE,-1170,EUR,EpicBet,gsheets
2025-04-04,2025-04-05,handball,denmark,female,handicap,EH Aalborg,Sonderjyske,away,1.88,0.55925,0.05138999999999999,NA,345,1.5,FALSE,-345,EUR,CoolBet,gsheets
2025-04-04,2025-04-05,handball,denmark,female,totals,EH Aalborg,Sonderjyske,under,1.88,0.565,0.062199999999999867,NA,420,60.5,FALSE,-420,EUR,Bet365,gsheets
2025-04-04,2025-04-05,handball,denmark,female,totals,Ikast Handbold,Esbjerg,over,1.85,0.66075,0.22238749999999996,NA,1575,58.5,FALSE,-1575,EUR,EpicBet,gsheets
2025-04-04,2025-04-05,handball,denmark,female,handicap,Ikast Handbold,Esbjerg,home,1.75,0.756,0.32299999999999995,NA,2580,5.5,TRUE,1935,EUR,EpicBet,gsheets
2025-04-04,2025-04-05,handball,denmark,female,totals,Silkeborg-Voel,NFH,over,1.88,0.5595,0.05185999999999996,NA,360,58.5,TRUE,317,EUR,Bet365,gsheets
2025-04-04,2025-04-05,handball,denmark,female,totals,Viborg,Horsens,over,1.78,0.633,0.12674000000000002,NA,975,54.5,TRUE,760,EUR,Bet365,gsheets
2025-04-04,2025-04-05,handball,france,male,totals,Cesson Rennes-Metropole,Nimes,under,1.8,0.589,0.060199999999999976,NA,450,57.5,TRUE,360,EUR,EpicBet,gsheets
2025-04-04,2025-04-05,handball,germany,male,totals,Bietigheim-Metterzimmern,Melsungen,over,1.95,0.616,0.20119999999999993,NA,1275,57.5,TRUE,1211,EUR,Bet365,gsheets
2025-04-04,2025-04-05,handball,germany,male,outcome,Erlangen,Fuchse Berlin,away,1.18,0.89475,0.055804999999999993,NA,1860,NA,FALSE,-1860,EUR,EpicBet,gsheets
2025-04-04,2025-04-05,handball,germany,female,handicap,Goppingen,Blomberg-Lippe,away,1.97,0.5415,0.0667549999999999,NA,420,2.5,TRUE,407,EUR,EpicBet,gsheets
2025-04-04,2025-04-05,handball,germany,female,outcome,Goppingen,Blomberg-Lippe,away,1.53,0.72375,0.10733750000000003,NA,1215,NA,TRUE,644,EUR,CoolBet,gsheets
2025-04-04,2025-04-05,handball,germany,male,totals,Kiel,Gummersbach,over,1.88,0.58525,0.10027000000000008,NA,525,59.5,FALSE,-525,EUR,Bet365,gsheets
2025-04-04,2025-04-05,handball,germany,female,handicap,Leverkusen,Buxtehuder SV,away,1.97,0.53425,0.05247250000000003,NA,330,3.5,TRUE,320,EUR,EpicBet,gsheets
2025-04-04,2025-04-05,handball,germany,female,outcome,Leverkusen,Buxtehuder SV,away,1.36,0.78675,0.06997999999999999,NA,1170,NA,TRUE,421,EUR,CoolBet,gsheets
2025-04-04,2025-04-05,handball,germany,female,totals,Ludwigsburg,Neckarsulmer,over,1.85,0.58325,0.07901250000000015,NA,555,59.5,TRUE,472,EUR,Bet365,gsheets
2025-04-04,2025-04-05,handball,germany,female,handicap,Ludwigsburg,Neckarsulmer,home,1.85,0.6045,0.11832500000000012,NA,840,-11.5,FALSE,-840,EUR,Bet365,gsheets
2025-04-04,2025-04-05,handball,germany,female,totals,Metzingen,Bensheim-Auerbach,over,1.8,0.70875,0.27575000000000005,NA,2070,58.5,FALSE,-2070,EUR,EpicBet,gsheets
2025-04-04,2025-04-05,handball,germany,female,outcome,Metzingen,Bensheim-Auerbach,home,2.2,0.51325,0.1291500000000001,NA,645,NA,FALSE,-645,EUR,CoolBet,gsheets
2025-04-04,2025-04-05,handball,germany,male,totals,Rhein-Neckar,Lemgo,over,1.88,0.5895,0.10826000000000002,NA,885,57.5,TRUE,779,EUR,Bet365,gsheets
2025-04-01,2025-04-05,handball,iceland,male,totals,Afturelding,ÍBV,over,1.9,0.59175,0.12432499999999991,NA,2925,60.5,TRUE,2632,EUR,EpicBet,gsheets
2025-04-01,2025-04-05,handball,iceland,male,outcome,Afturelding,ÍBV,home,1.5,0.71275,0.06912499999999999,NA,2925,NA,TRUE,1462,EUR,CoolBet,gsheets
2025-04-01,2025-04-05,handball,iceland,male,totals,Valur,Stjarnan,under,1.9,0.54825,0.04167499999999996,NA,975,61.5,TRUE,878,EUR,EpicBet,gsheets
2025-04-05,2025-04-05,handball,iceland,male,totals,Valur,Stjarnan,over,1.8,0.587,0.056599999999999984,NA,1500,59.5,FALSE,-1500,EUR,Bet365,gsheets
2025-04-01,2025-04-05,handball,iceland,male,outcome,Valur,Stjarnan,home,1.25,0.81175,0.014687499999999964,NA,1275,NA,TRUE,319,EUR,CoolBet,gsheets
2025-04-04,2025-04-06,handball,france,male,handicap,Chartres,PSG,home,2,0.5275,0.05499999999999994,NA,330,7.5,TRUE,330,EUR,EpicBet,gsheets
2025-04-04,2025-04-06,handball,germany,male,outcome,Flensburg-H.,Eisenach,home,1.13,0.928,0.04863999999999996,NA,2250,NA,FALSE,-2250,EUR,EpicBet,gsheets
2025-04-04,2025-04-06,handball,germany,male,outcome,Leipzig,SC Magdeburg,away,1.36,0.7815,0.06284000000000006,NA,1050,NA,TRUE,378,EUR,EpicBet,gsheets
2025-04-07,2025-04-07,football,iceland,male,handicap,Stjarnan,FH,away,1.25,0.87025,0.08781249999999996,NA,1335,-1.5,TRUE,334,EUR,EpicBet,gsheets
2025-04-07,2025-04-07,football,iceland,male,outcome,Víkingur R.,ÍBV,away,12,0.50275,5.033,NA,150,NA,FALSE,-150,EUR,EpicBet,gsheets
2025-04-07,2025-04-07,football,iceland,male,totals,Víkingur R.,ÍBV,under,3.7,0.44975,0.6640750000000001,NA,465,2.5,TRUE,1256,EUR,EpicBet,gsheets
2025-04-07,2025-04-07,football,iceland,male,handicap,Víkingur R.,ÍBV,away,1.57,0.85925,0.3490225,NA,150,-2.5,TRUE,86,EUR,EpicBet,gsheets
2025-04-07,2025-04-07,handball,germany,male,outcome,Ludwigshafen,Nordhorn-Lingen,away,2.3,0.55075,0.26672499999999977,NA,645,NA,FALSE,-645,EUR,CoolBet,gsheets
2025-04-07,2025-04-07,handball,germany,male,handicap,Ludwigshafen,Nordhorn-Lingen,away,1.63,0.67825,0.10554749999999996,NA,525,-1.5,TRUE,331,EUR,CoolBet,gsheets
2025-04-07,2025-04-07,handball,germany,male,totals,Ludwigshafen,Nordhorn-Lingen,over,1.91,0.58175,0.11114249999999992,NA,390,56.5,FALSE,-390,EUR,EpicBet,gsheets
2025-04-07,2025-04-07,handball,iceland,male,outcome,Haukar,Fram,home,1.85,0.56525,0.0457125000000001,NA,1020,NA,FALSE,-1020,EUR,EpicBet,gsheets
2025-04-07,2025-04-07,handball,iceland,male,outcome,Haukar,Fram,over,1.8,0.80725,0.45305000000000006,NA,10770,57.5,FALSE,-10770,EUR,Bet365,gsheets
2025-04-07,2025-04-07,handball,iceland,male,totals,Haukar,Fram,over,1.9,0.7335,0.39365000000000006,NA,1665,28.5 (g),FALSE,-1665,EUR,EpicBet,gsheets
2025-04-07,2025-04-07,handball,iceland,male,totals,Haukar,Fram,over,1.9,0.7505,0.42594999999999983,NA,1800,29.5 (h),FALSE,-1800,EUR,EpicBet,gsheets
2025-04-07,2025-04-07,handball,iceland,male,outcome,HK,FH,away,1.3,0.81825,0.06372500000000009,NA,4035,NA,TRUE,1210,EUR,EpicBet,gsheets
2025-04-07,2025-04-07,handball,iceland,male,outcome,HK,FH,under,1.9,0.601,0.14189999999999992,NA,3000,57.5,TRUE,2700,EUR,EpicBet,gsheets
2025-04-07,2025-04-07,handball,iceland,male,totals,HK,FH,under,1.9,0.59125,0.12337500000000001,NA,525,26.5 (h),TRUE,472,EUR,EpicBet,gsheets
2025-04-07,2025-04-08,handball,france,male,outcome,Besancon,Saran,away,1.36,0.84225,0.14546000000000014,NA,540,NA,FALSE,-540,EUR,EpicBet,gsheets
2025-04-08,2025-04-08,handball,iceland,male,handicap,Hörður,Grótta,home,1.85,0.564,0.04339999999999994,NA,975,1.5,FALSE,-975,EUR,CoolBet,gsheets
2025-04-07,2025-04-08,handball,iceland,male,outcome,ÍBV,Afturelding,away,2.35,0.64175,0.5081125000000002,NA,7155,NA,TRUE,9659,EUR,EpicBet,gsheets
2025-04-07,2025-04-08,handball,iceland,male,outcome,ÍBV,Afturelding,away,1.68,0.74975,0.25958000000000003,NA,7260,-1.5,TRUE,4937,EUR,CoolBet,gsheets
2025-04-07,2025-04-08,handball,iceland,male,outcome,ÍBV,Afturelding,over,1.85,0.5855,0.08317500000000011,NA,1860,60.5,FALSE,-1860,EUR,EpicBet,gsheets
2025-04-07,2025-04-08,handball,iceland,male,totals,ÍBV,Afturelding,over,1.95,0.6465,0.2606749999999999,NA,1050,30.5 (g),FALSE,-1050,EUR,CoolBet,gsheets
2025-04-07,2025-04-08,handball,iceland,male,totals,ÍBV,Afturelding,under,1.77,0.67325,0.1916525,NA,945,31.5 (h),TRUE,728,EUR,EpicBet,gsheets
2025-04-07,2025-04-08,handball,iceland,male,totals,Stjarnan,Valur,over,1.8,0.72575,0.30635,NA,1455,25.5 (h),TRUE,1164,EUR,CoolBet,gsheets
2025-04-07,2025-04-08,handball,iceland,male,totals,Stjarnan,Valur,over,1.9,0.62525,0.1879749999999999,NA,795,30.5 (g),TRUE,715,EUR,EpicBet,gsheets
2025-04-07,2025-04-08,handball,iceland,male,outcome,Stjarnan,Valur,over,1.9,0.68524,0.3019559999999999,NA,6345,56.5,TRUE,5710,EUR,CoolBet,gsheets
2025-04-07,2025-04-08,handball,iceland,male,outcome,Stjarnan,Valur,home,6.5,0.17275,0.12287499999999985,NA,420,NA,FALSE,-420,EUR,EpicBet,gsheets
2025-04-08,2025-04-08,handball,iceland,male,handicap,Víkingur,Selfoss,home,1.85,0.61775,0.14283750000000006,NA,3195,1.5,TRUE,2716,EUR,EpicBet,gsheets
2025-04-08,2025-04-08,handball,iceland,male,outcome,Víkingur,Selfoss,home,2.55,0.498,0.2698999999999999,NA,1800,NA,FALSE,-1800,EUR,EpicBet,gsheets
2025-04-08,2025-04-08,handball,iceland,male,totals,Víkingur,Selfoss,under,1.85,0.57575,0.06513750000000001,NA,1455,58.5,FALSE,-1455,EUR,EpicBet,gsheets
2025-04-07,2025-04-09,handball,denmark,male,totals,Grindsted,Kolding,over,1.78,0.74,0.31720000000000004,NA,2250,54.5,TRUE,1755,EUR,Bet365,gsheets
2025-04-10,2025-04-11,handball,france,male,totals,Cherbourg,Pau Billere,under,1.91,0.70825,0.35275750000000006,NA,705,58.5,TRUE,642,EUR,EpicBet,gsheets
2025-04-10,2025-04-11,handball,france,male,outcome,Dijon,Valence,home,1.2,0.869,0.04279999999999995,NA,390,NA,TRUE,78,EUR,EpicBet,gsheets
2025-04-10,2025-04-11,handball,france,male,totals,Dijon,Valence,under,1.85,0.6515,0.20527499999999999,NA,450,59.5,TRUE,383,EUR,EpicBet,gsheets
2025-04-10,2025-04-11,handball,france,male,totals,Dunkerque,Cesson Rennes-Metropole,under,1.89,0.65875,0.2450374999999998,NA,510,56.5,FALSE,-510,EUR,EpicBet,gsheets
2025-04-10,2025-04-11,handball,germany,male,totals,Dormagen,Hamm-Westfalen,under,1.95,0.74,0.44299999999999995,NA,390,63.5,TRUE,371,EUR,CoolBet,gsheets
2025-04-11,2025-04-11,handball,spain,male,outcome,Anaitasuna,Villa de Aranda,home,2,0.634,0.268,NA,1860,NA,FALSE,-1860,EUR,EpicBet,gsheets
2025-04-11,2025-04-11,handball,spain,male,handicap,Anaitasuna,Villa de Aranda,home,2,0.58925,0.1785000000000001,NA,1245,-0.5,FALSE,-1245,EUR,Bet365,gsheets
2025-04-11,2025-04-11,handball,spain,male,outcome,Anaitasuna,Villa de Aranda,under,1.89,0.59125,0.11746250000000003,NA,915,57.5,TRUE,814,EUR,EpicBet,gsheets
2025-04-11,2025-04-11,handball,spain,male,outcome,La Rioja,Cuenca,under,1.85,0.596,0.10260000000000002,NA,840,62.5,FALSE,-840,EUR,EpicBet,gsheets
2025-04-10,2025-04-12,football,england,male,outcome,Arsenal,Brentford,home,1.62,0.683,0.10646000000000017,NA,510,NA,FALSE,-510,EUR,EpicBet,gsheets
2025-04-10,2025-04-12,football,england,male,handicap,Arsenal,Brentford,home,1.62,0.683,0.10646000000000017,NA,510,-0.5,FALSE,-510,EUR,EpicBet,gsheets
2025-04-10,2025-04-12,football,england,male,outcome,Brighton,Leicester,away,12,0.211,1.5319999999999996,NA,150,NA,FALSE,-150,EUR,EpicBet,gsheets
2025-04-10,2025-04-12,football,england,male,totals,Brighton,Leicester,over,1.66,0.65,0.07899999999999996,NA,360,2.5,TRUE,238,EUR,EpicBet,gsheets
2025-04-10,2025-04-12,football,england,male,btts,Brighton,Leicester,yes,2.11,0.613,0.29342999999999986,NA,795,NA,TRUE,882,EUR,EpicBet,gsheets
2025-04-10,2025-04-12,football,england,male,handicap,Brighton,Leicester,away,2.03,0.622,0.2626599999999999,NA,765,-1.5,TRUE,788,EUR,EpicBet,gsheets
2025-04-11,2025-04-12,handball,denmark,male,totals,Aalborg,Nordsjaelland,over,1.87,0.63025,0.1785675,NA,2100,60.5,FALSE,-2100,EUR,EpicBet,gsheets
2025-04-11,2025-04-12,handball,denmark,male,totals,Bjerringbro/Silkeborg,Grindsted,under,1.95,0.56025,0.09248750000000006,NA,990,60.5,FALSE,-990,EUR,EpicBet,gsheets
2025-04-11,2025-04-12,handball,denmark,male,handicap,GOG,Mors,away,1.8,0.58525,0.05345000000000011,NA,675,-2.5,TRUE,540,EUR,EpicBet,gsheets
2025-04-11,2025-04-12,handball,denmark,male,totals,GOG,Mors,over,1.85,0.6105,0.12942500000000012,NA,1560,63.5,FALSE,-1560,EUR,EpicBet,gsheets
2025-04-11,2025-04-12,handball,denmark,male,outcome,Kolding,Sonderjyske,away,2.38,0.71,0.6897999999999999,NA,2550,NA,FALSE,-2550,EUR,EpicBet,gsheets
2025-04-11,2025-04-12,handball,denmark,male,totals,Kolding,Sonderjyske,over,1.95,0.53375,0.04081249999999992,NA,435,58.5,FALSE,-435,EUR,EpicBet,gsheets
2025-04-11,2025-04-12,handball,denmark,male,handicap,Odder,HOJ,home,1.85,0.62225,0.15116249999999998,NA,1815,6.5,FALSE,-1815,EUR,EpicBet,gsheets
2025-04-11,2025-04-12,handball,denmark,male,totals,Odder,HOJ,under,1.85,0.61575,0.13913750000000014,NA,1665,59.5,TRUE,1415,EUR,EpicBet,gsheets
2025-04-11,2025-04-12,handball,denmark,male,handicap,Roskilde,FIF,home,1.85,0.66825,0.23626250000000004,NA,2835,5.5,TRUE,2410,EUR,EpicBet,gsheets
2025-04-11,2025-04-12,handball,denmark,male,totals,Roskilde,FIF,under,1.85,0.60125,0.11231249999999993,NA,1350,60.5,FALSE,-1350,EUR,EpicBet,gsheets
2025-04-11,2025-04-12,handball,denmark,male,handicap,Skjern,Ribe-Esbjerg,away,1.87,0.57825,0.08132750000000011,NA,960,-3.5,TRUE,835,EUR,EpicBet,gsheets
2025-04-11,2025-04-12,handball,denmark,male,handicap,Sydhavsoerne,Faaborg,away,1.91,0.5555,0.061004999999999976,NA,690,-4.5,TRUE,628,EUR,EpicBet,gsheets
2025-04-11,2025-04-12,handball,denmark,male,totals,Sydhavsoerne,Faaborg,under,1.85,0.7095,0.31257500000000005,NA,3750,59.5,TRUE,3188,EUR,CoolBet,gsheets
2025-04-11,2025-04-12,handball,denmark,male,outcome,Tonder,Aarhus Handbold,home,2.63,0.4645,0.22163500000000003,NA,885,NA,FALSE,-885,EUR,EpicBet,gsheets
2025-04-11,2025-04-12,handball,denmark,male,handicap,Tonder,Aarhus Handbold,home,1.8,0.59025,0.062450000000000117,NA,795,1.5,TRUE,636,EUR,CoolBet,gsheets
2025-04-10,2025-04-12,handball,france,male,outcome,Saran,Angers,home,1.06,0.9565,0.013890000000000069,NA,420,NA,TRUE,25,EUR,EpicBet,gsheets
2025-04-11,2025-04-12,handball,norway,male,outcome,Arendal,Runar,home,3,0.48575,0.45725000000000005,NA,1530,NA,TRUE,3060,EUR,CoolBet,gsheets
2025-04-11,2025-04-12,handball,norway,male,handicap,Arendal,Runar,home,1.9,0.592,0.12479999999999991,NA,735,1.5,TRUE,662,EUR,CoolBet,gsheets
2025-04-11,2025-04-12,handball,norway,male,totals,Drammen,Elverum,under,1.85,0.62225,0.15116249999999998,NA,945,61.5,FALSE,-945,EUR,CoolBet,gsheets
2025-04-11,2025-04-12,handball,norway,male,handicap,Halden,Kolstad,home,1.85,0.648,0.1988000000000001,NA,1245,7.5,FALSE,-1245,EUR,CoolBet,gsheets
2025-04-11,2025-04-12,handball,norway,male,totals,Naerbo,Bergen,over,1.95,0.6655,0.2977249999999999,NA,1680,59.5,FALSE,-1680,EUR,CoolBet,gsheets
2025-04-11,2025-04-12,handball,norway,male,outcome,Viking TIF,Baekkelaget,home,2.4,0.63575,0.5258,NA,2010,NA,FALSE,-2010,EUR,CoolBet,gsheets
2025-04-11,2025-04-12,handball,spain,male,handicap,Benidorm,Barcelona,home,1.95,0.647,0.26165000000000005,NA,1920,12.5,FALSE,-1920,EUR,EpicBet,gsheets
2025-04-11,2025-04-12,handball,spain,male,outcome,Benidorm,Barcelona,under,1.89,0.559,0.05651000000000006,NA,480,65.5,TRUE,427,EUR,EpicBet,gsheets
2025-04-11,2025-04-12,handball,spain,male,outcome,Morrazo Cangas,Torrelavega,home,2.8,0.48875,0.36849999999999994,NA,1425,NA,TRUE,2565,EUR,CoolBet,gsheets
2025-04-11,2025-04-12,handball,spain,male,handicap,Morrazo Cangas,Torrelavega,home,1.85,0.63025,0.1659625,NA,1365,1.5,TRUE,1160,EUR,Bet365,gsheets
2025-04-11,2025-04-12,handball,spain,male,outcome,Quabit Guadalajara,CD Bidasoa Irun,under,1.88,0.696,0.30847999999999987,NA,1500,60.5,FALSE,-1500,EUR,Bet365,gsheets
2025-04-10,2025-04-13,football,england,male,btts,Chelsea,Ipswich,no,2.01,0.551,0.10751,NA,315,NA,FALSE,-315,EUR,EpicBet,gsheets
2025-04-10,2025-04-13,football,england,male,outcome,Wolves,Tottenham,away,3.07,0.567,0.7406899999999998,NA,1080,NA,FALSE,-1080,EUR,EpicBet,gsheets
2025-04-10,2025-04-13,football,england,male,totals,Wolves,Tottenham,over,1.68,0.674,0.13232000000000005,NA,585,2.5,TRUE,398,EUR,EpicBet,gsheets
2025-04-10,2025-04-13,football,england,male,handicap,Wolves,Tottenham,away,1.69,0.769,0.29961000000000004,NA,1305,-0.5,FALSE,-1305,EUR,EpicBet,gsheets
2025-04-10,2025-04-13,football,iceland,male,handicap,Fram,Breiðablik,home,1.59,0.75,0.19250000000000006,NA,975,1.5,TRUE,575,EUR,EpicBet,gsheets
2025-04-10,2025-04-13,football,iceland,male,totals,Fram,Breiðablik,under,1.77,0.709,0.25493,NA,990,3.5,FALSE,-990,EUR,EpicBet,gsheets
2025-04-10,2025-04-13,football,iceland,male,btts,Fram,Breiðablik,no,2.52,0.4915,0.23858000000000001,NA,465,NA,FALSE,-465,EUR,EpicBet,gsheets
2025-04-10,2025-04-13,football,iceland,male,handicap,Víkingur R.,KA,away,1.83,0.59225,0.08381750000000016,NA,300,-1.5,FALSE,-300,EUR,EpicBet,gsheets
2025-04-10,2025-04-13,football,iceland,male,totals,Víkingur R.,KA,under,1.88,0.6,0.1279999999999999,NA,435,3.5,FALSE,-435,EUR,EpicBet,gsheets
2025-04-10,2025-04-13,football,iceland,male,btts,Víkingur R.,KA,no,2.41,0.47825,0.15258250000000018,NA,330,NA,TRUE,465,EUR,EpicBet,gsheets
2025-04-10,2025-04-14,football,england,male,outcome,Bournemouth,Fulham,away,3.43,0.402,0.3788600000000002,NA,465,NA,FALSE,-465,EUR,EpicBet,gsheets
2025-04-10,2025-04-14,football,england,male,handicap,Bournemouth,Fulham,away,1.75,0.656,0.14800000000000002,NA,585,-0.5,FALSE,-585,EUR,EpicBet,gsheets
2025-04-13,2025-04-14,football,iceland,male,outcome,KR,Valur,away,2.1,0.732,0.5372,NA,1470,NA,FALSE,-1470,EUR,EpicBet,gsheets
2025-04-13,2025-04-14,football,iceland,male,handicap,KR,Valur,away,1.4,0.8625,0.20749999999999996,NA,1560,-0.5,TRUE,624,EUR,EpicBet,gsheets
2025-04-10,2025-04-14,football,iceland,male,totals,KR,Valur,under,2.22,0.523,0.1610600000000002,NA,390,3.5,FALSE,-390,EUR,EpicBet,gsheets
2025-04-10,2025-04-14,football,iceland,male,outcome,Stjarnan,ÍA,home,1.91,0.58175,0.11114249999999992,NA,360,NA,TRUE,328,EUR,EpicBet,gsheets
2025-04-10,2025-04-14,football,iceland,male,handicap,Stjarnan,ÍA,home,1.87,0.58175,0.08787250000000002,NA,300,-0.5,TRUE,261,EUR,EpicBet,gsheets
2025-04-15,2025-04-15,football,iceland,female,totals,Breiðablik,Stjarnan,under,1.57,0.7135,0.12019500000000011,NA,630,3.5,FALSE,-630,EUR,EpicBet,gsheets
2025-04-15,2025-04-15,football,iceland,female,outcome,Þróttur R.,Fram,tie,7,0.3,1.0999999999999999,NA,555,NA,FALSE,-555,EUR,CoolBet,gsheets
2025-04-15,2025-04-15,football,iceland,female,handicap,Þróttur R.,Fram,away,1.45,0.836,0.2121999999999999,NA,1410,-2.5,TRUE,635,EUR,EpicBet,gsheets
2025-04-15,2025-04-15,football,iceland,female,totals,Þróttur R.,Fram,under,1.74,0.7885,0.37198999999999993,NA,1515,3.5,FALSE,-1515,EUR,CoolBet,gsheets
2025-04-15,2025-04-15,football,iceland,female,btts,Þróttur R.,Fram,no,1.68,0.69575,0.1688599999999999,NA,750,NA,FALSE,-750,EUR,EpicBet,gsheets
2025-04-15,2025-04-15,football,iceland,female,btts,Þróttur R.,Fram,no,1.75,0.71825,0.25693750000000004,NA,750,NA,FALSE,-750,EUR,EpicBet,gsheets
2025-04-15,2025-04-15,handball,iceland,female,outcome,Haukar,ÍBV,away,11,0.304,2.3440000000000003,NA,1500,NA,FALSE,-1500,EUR,CoolBet,gsheets
2025-04-15,2025-04-15,handball,iceland,female,handicap,Haukar,ÍBV,away,1.9,0.768,0.45919999999999994,NA,4500,-6.5,TRUE,4050,EUR,EpicBet,gsheets
2025-04-15,2025-04-15,handball,iceland,female,totals,Haukar,ÍBV,under,1.9,0.59325,0.12717500000000004,NA,2700,50.5,TRUE,2430,EUR,CoolBet,gsheets
2025-04-15,2025-04-15,handball,iceland,female,totals,Selfoss,ÍR,over,1.9,0.54475,0.03502499999999986,NA,750,46.5,TRUE,675,EUR,EpicBet,gsheets
2025-04-15,2025-04-16,football,iceland,female,outcome,Tindastóll,FHL,home,2.25,0.60025,0.3505624999999999,NA,840,NA,TRUE,1050,EUR,CoolBet,gsheets
2025-04-15,2025-04-16,football,iceland,female,handicap,Tindastóll,FHL,home,2.18,0.60025,0.30854499999999996,NA,795,-0.5,TRUE,938,EUR,EpicBet,gsheets
2025-04-15,2025-04-16,football,iceland,female,totals,Tindastóll,FHL,over,2.45,0.523,0.2813500000000001,NA,585,3.5,FALSE,-585,EUR,EpicBet,gsheets
2025-04-15,2025-04-16,football,iceland,female,totals,Valur,FH,under,2.07,0.5905,0.22233499999999995,NA,630,3.5,TRUE,674,EUR,CoolBet,gsheets
2025-04-15,2025-04-16,football,iceland,female,handicap,Valur,FH,away,2.25,0.518,0.16549999999999998,NA,30,-1.5,TRUE,38,EUR,EpicBet,gsheets
2025-04-15,2025-04-16,football,iceland,female,totals,Víkingur R.,Þór/KA,under,1.59,0.73725,0.17222749999999998,NA,870,3.5,FALSE,-870,EUR,CoolBet,gsheets
2025-04-15,2025-04-16,football,iceland,female,handicap,Víkingur R.,Þór/KA,away,1.2,0.9245,0.10939999999999994,NA,345,-1.5,TRUE,69,EUR,EpicBet,gsheets
2025-04-15,2025-04-16,handball,iceland,male,outcome,FH,Fram,away,2.65,0.44975,0.19183749999999988,NA,1500,NA,TRUE,2475,EUR,CoolBet,gsheets
2025-04-15,2025-04-16,handball,iceland,male,totals,FH,Fram,over,1.9,0.55775,0.05972499999999992,NA,1260,56.5,FALSE,-1260,EUR,CoolBet,gsheets
2025-04-16,2025-04-17,football,iceland,male,handicap,Afturelding,Höttur/Huginn,away,1.77,0.672,0.18944000000000005,NA,150,-3.5,FALSE,-150,EUR,EpicBet,gsheets
2025-04-16,2025-04-17,football,iceland,male,handicap,ÍBV,Víkingur R.,away,2.14,0.51775,0.10798500000000011,NA,60,1.5,FALSE,-60,EUR,EpicBet,gsheets
2025-04-16,2025-04-17,football,iceland,male,outcome,ÍBV,Víkingur R.,away,1.6,0.7345,0.17520000000000013,NA,180,NA,FALSE,-180,EUR,EpicBet,gsheets
2025-04-17,2025-04-17,football,iceland,female,handicap,ÍH,Grótta,home,1.85,0.654,0.2099000000000001,NA,150,3.5,FALSE,-150,EUR,EpicBet,gsheets
2025-04-16,2025-04-17,handball,iceland,male,outcome,Grótta,Selfoss,away,4,0.52575,1.1030000000000002,NA,750,NA,FALSE,-750,EUR,CoolBet,gsheets
2025-04-16,2025-04-17,handball,iceland,male,handicap,Grótta,Selfoss,away,1.85,0.77375,0.43143750000000014,NA,1500,-3.5,FALSE,-1500,EUR,CoolBet,gsheets
2025-04-16,2025-04-17,handball,iceland,male,totals,Grótta,Selfoss,under,1.85,0.8045,0.488325,NA,3000,59.5,FALSE,-3000,EUR,CoolBet,gsheets
2025-04-16,2025-04-17,handball,iceland,male,totals,Valur,Afturelding,under,1.9,0.74475,0.415025,NA,7500,59.5,TRUE,6750,EUR,CoolBet,gsheets
2025-04-16,2025-04-18,football,iceland,male,handicap,Breiðablik,Fjölnir,away,1.83,0.63725,0.16616750000000002,NA,120,-2.5,FALSE,-120,EUR,EpicBet,gsheets
2025-04-16,2025-04-18,football,iceland,male,totals,Grótta,ÍA,under,1.49,0.706,0.05193999999999993,NA,60,4.5,FALSE,-60,EUR,EpicBet,gsheets
2025-04-16,2025-04-18,football,iceland,male,handicap,Grótta,ÍA,home,1.69,0.68125,0.15131250000000002,NA,135,2.5,FALSE,-135,EUR,EpicBet,gsheets
2025-04-16,2025-04-18,football,iceland,male,handicap,KA,KFA,home,1.72,0.72075,0.23968999999999996,NA,195,-1.5,TRUE,140,EUR,EpicBet,gsheets
2025-04-16,2025-04-18,football,iceland,male,outcome,KA,KFA,home,1.35,0.86175,0.16336250000000008,NA,285,NA,TRUE,100,EUR,EpicBet,gsheets
2025-04-16,2025-04-18,football,iceland,male,handicap,Selfoss,Haukar,away,1.79,0.65375,0.1702125000000001,NA,135,-1.5,FALSE,-135,EUR,EpicBet,gsheets
2025-04-16,2025-04-18,football,iceland,male,totals,Stjarnan,Njarðvík,under,1.48,0.772,0.14256000000000002,NA,180,4.5,FALSE,-180,EUR,EpicBet,gsheets
2025-04-16,2025-04-18,football,iceland,male,handicap,Stjarnan,Njarðvík,away,2.15,0.5505,0.18357499999999993,NA,90,-1.5,FALSE,-90,EUR,EpicBet,gsheets
2025-04-16,2025-04-18,football,iceland,male,totals,Vestri,HK,under,1.73,0.705,0.2196499999999999,NA,180,3.5,FALSE,-180,EUR,EpicBet,gsheets
2025-04-16,2025-04-18,football,iceland,male,handicap,Vestri,HK,away,1.51,0.78125,0.1796875,NA,210,-1.5,TRUE,107,EUR,EpicBet,gsheets
2025-04-21,2025-04-21,handball,iceland,male,totals,Fram,FH,under,1.9,0.797,0.5143,NA,3750,57.5,TRUE,3375,EUR,EpicBet,gsheets
2025-04-21,2025-04-21,handball,iceland,male,outcome,Fram,FH,away,2.35,0.60375,0.41881250000000003,NA,1500,NA,FALSE,-1500,EUR,EpicBet,gsheets
2025-04-21,2025-04-21,handball,iceland,male,handicap,Fram,FH,away,1.67,0.7195,0.201565,NA,1500,-1.5,FALSE,-1500,EUR,EpicBet,gsheets
2025-04-22,2025-04-22,football,iceland,female,outcome,Fram,FH,away,1.55,0.6945,0.07647500000000002,NA,90,NA,TRUE,49,EUR,EpicBet,gsheets
2025-04-22,2025-04-22,football,iceland,female,handicap,Fram,FH,away,2.48,0.4675,0.1594000000000001,NA,60,1.5,TRUE,89,EUR,EpicBet,gsheets
2025-04-21,2025-04-22,football,iceland,female,totals,Stjarnan,Víkingur R.,under,2.15,NA,-1,NA,15,2.5,FALSE,-15,EUR,EpicBet,gsheets
2025-04-22,2025-04-22,football,iceland,female,outcome,Stjarnan,Víkingur R.,home,2.7,0.51125,0.380375,NA,135,NA,FALSE,-135,EUR,EpicBet,gsheets
2025-04-22,2025-04-22,football,iceland,female,handicap,Stjarnan,Víkingur R.,home,1.5,0.75275,0.12912500000000005,NA,150,0.5,FALSE,-150,EUR,EpicBet,gsheets
2025-04-21,2025-04-22,football,iceland,female,totals,Þróttur R.,Breiðablik,over,3.4,NA,-1,NA,75,4.5,FALSE,-75,EUR,EpicBet,gsheets
2025-04-22,2025-04-22,football,iceland,female,handicap,Þróttur R.,Breiðablik,away,2.06,0.49225,0.01403500000000013,NA,15,1.5,TRUE,16,EUR,EpicBet,gsheets
2025-04-21,2025-04-22,handball,iceland,male,totals,Afturelding,Valur,under,1.9,0.66475,0.26302499999999984,NA,3000,58.5,TRUE,2700,EUR,EpicBet,gsheets
2025-04-21,2025-04-22,handball,iceland,male,outcome,Afturelding,Valur,away,2.4,0.50875,0.22100000000000009,NA,1500,NA,FALSE,-1500,EUR,EpicBet,gsheets
2025-04-21,2025-04-22,handball,iceland,male,handicap,Afturelding,Valur,away,1.66,0.63625,0.05617499999999992,NA,1500,-1.5,FALSE,-1500,EUR,EpicBet,gsheets
2025-04-21,2025-04-22,handball,iceland,male,totals,Afturelding,Valur,under,1.65,0.6465,0.06672499999999987,NA,390,29.5 (g),TRUE,254,EUR,CoolBet,gsheets
2025-04-21,2025-04-22,handball,iceland,male,totals,Afturelding,Valur,under,1.65,0.81375,0.3426874999999999,NA,2010,30.5 (h),FALSE,-2010,EUR,CoolBet,gsheets
2025-04-21,2025-04-22,handball,iceland,male,outcome,Selfoss,ÍR,home,1.95,0.54575,0.0642124999999999,NA,1290,NA,FALSE,-1290,EUR,EpicBet,gsheets
2025-04-21,2025-04-22,handball,iceland,male,totals,Selfoss,ÍR,under,1.9,0.583,0.10769999999999991,NA,2280,48.5,TRUE,2052,EUR,CoolBet,gsheets
2025-04-22,2025-04-23,football,iceland,male,totals,Breiðablik,Stjarnan,under,3.1,0.339,0.050900000000000056,NA,15,2.5,FALSE,-15,EUR,EpicBet,gsheets
2025-04-22,2025-04-23,football,iceland,male,handicap,Breiðablik,Stjarnan,away,1.57,0.68275,0.07191749999999997,NA,75,-1.5,TRUE,43,EUR,EpicBet,gsheets
2025-04-22,2025-04-23,football,iceland,male,handicap,FH,KR,away,1.2,0.8815,0.05779999999999991,NA,180,-1.5,TRUE,36,EUR,EpicBet,gsheets
2025-04-22,2025-04-23,football,iceland,male,outcome,FH,KR,away,2.6,0.53775,0.3981499999999999,NA,150,NA,FALSE,-150,EUR,EpicBet,gsheets
2025-04-22,2025-04-23,football,iceland,male,totals,ÍA,Vestri,under,1.53,0.6795,0.03963500000000003,NA,45,3.5,TRUE,24,EUR,EpicBet,gsheets
2025-04-22,2025-04-23,football,iceland,male,handicap,ÍA,Vestri,away,1.43,0.71825,0.027097500000000052,NA,45,-1.5,TRUE,19,EUR,EpicBet,gsheets
2025-04-22,2025-04-24,football,iceland,male,totals,Afturelding,Víkingur R.,over,1.47,0.73725,0.08375749999999993,NA,105,2.5,FALSE,-105,EUR,EpicBet,gsheets
2025-04-22,2025-04-24,football,iceland,male,outcome,Afturelding,Víkingur R.,away,1.4,0.763,0.06819999999999993,NA,105,NA,FALSE,-105,EUR,EpicBet,gsheets
2025-04-22,2025-04-24,football,iceland,male,totals,ÍBV,Fram,under,4.93,0.2355,0.1610149999999999,NA,30,1.5,FALSE,-30,EUR,EpicBet,gsheets
2025-05-04,2025-05-04,football,iceland,male,outcome,FH,Valur,away,1.95,0.62175,0.2124125,NA,135,NA,FALSE,-135,EUR,EpicBet,gsheets
2025-05-04,2025-05-04,football,iceland,male,outcome,ÍA,KA,away,3.25,0.4225,0.37312499999999993,NA,105,NA,FALSE,-105,EUR,EpicBet,gsheets
2025-05-04,2025-05-04,football,iceland,male,outcome,ÍBV,Vestri,away,3.7,0.2895,0.07114999999999994,NA,15,NA,TRUE,40,EUR,EpicBet,gsheets
2025-05-04,2025-05-05,football,iceland,male,outcome,Afturelding,Stjarnan,away,2.05,0.5365,0.09982499999999983,NA,60,NA,FALSE,-60,EUR,EpicBet,gsheets
2025-05-04,2025-05-05,football,iceland,male,outcome,Breiðablik,KR,away,4.2,0.32075,0.34714999999999996,NA,60,NA,FALSE,-60,EUR,EpicBet,gsheets
2025-05-04,2025-05-05,football,iceland,male,outcome,Víkingur R.,Fram,tie,5.52,0.20325,0.12193999999999983,NA,15,NA,FALSE,-15,EUR,EpicBet,gsheets
2025-05-15,2025-05-16,football,iceland,female,outcome,Afturelding,Keflavík,away,1.5,0.71475,0.072125,NA,90,NA,TRUE,45,EUR,EpicBet,gsheets
2025-05-15,2025-05-16,football,iceland,female,handicap,Afturelding,Keflavík,away,2.3,0.51025,0.1735749999999998,NA,75,1.5,FALSE,-75,EUR,EpicBet,gsheets
2025-05-15,2025-05-16,football,iceland,male,outcome,Augnablik,KV,home,2.15,0.6075,0.306125,NA,165,NA,TRUE,190,EUR,CoolBet,gsheets
2025-05-15,2025-05-16,football,iceland,male,outcome,Dalvík/Reynir,Höttur/Huginn,home,2.25,0.57075,0.2841874999999999,NA,135,NA,TRUE,169,EUR,CoolBet,gsheets
2025-05-15,2025-05-16,football,iceland,male,outcome,Fjölnir,Fylkir,home,5,0.303,0.5149999999999999,NA,75,NA,FALSE,-75,EUR,EpicBet,gsheets
2025-05-15,2025-05-16,football,iceland,male,handicap,Fjölnir,Fylkir,home,2.35,0.5445,0.279575,NA,120,0.5,TRUE,162,EUR,EpicBet,gsheets
2025-05-15,2025-05-16,football,iceland,female,outcome,Haukar,ÍBV,home,4.5,0.31,0.395,NA,75,NA,FALSE,-75,EUR,EpicBet,gsheets
2025-05-15,2025-05-16,football,iceland,female,totals,Haukar,ÍBV,over,2,0.6975,0.395,NA,240,3.5,TRUE,240,EUR,EpicBet,gsheets
2025-05-15,2025-05-16,football,iceland,male,outcome,KFG,Haukar,home,3.8,0.3845,0.46110000000000007,NA,105,NA,FALSE,-105,EUR,CoolBet,gsheets
2025-05-15,2025-05-16,football,iceland,male,totals,KFG,Haukar,over,2.21,0.552,0.21992000000000012,NA,105,3.5,TRUE,127,EUR,CoolBet,gsheets
2025-05-15,2025-05-16,football,iceland,male,outcome,Leiknir R.,HK,home,2.8,0.44325,0.24109999999999976,NA,75,NA,FALSE,-75,EUR,EpicBet,gsheets
2025-05-15,2025-05-16,football,iceland,male,handicap,Leiknir R.,HK,home,1.6,0.6705,0.07280000000000003,NA,75,0.5,FALSE,-75,EUR,EpicBet,gsheets
2025-05-15,2025-05-16,football,iceland,male,handicap,Njarðvík,ÍR,away,2.05,0.56975,0.16798749999999985,NA,90,-0.5,TRUE,94,EUR,EpicBet,gsheets
2025-05-15,2025-05-16,football,iceland,male,totals,Njarðvík,ÍR,under,2.35,0.50625,0.1896875,NA,90,2.5,TRUE,121,EUR,EpicBet,gsheets
2025-05-15,2025-05-16,football,iceland,male,totals,Reynir S.,ÍH,over,1.86,0.64725,0.2038850000000001,NA,135,4.5,TRUE,116,EUR,CoolBet,gsheets
2025-05-16,2025-05-17,football,iceland,male,outcome,Ægir,Kormákur/Hvöt,home,2.25,0.73875,0.6621875,NA,90,NA,TRUE,112,EUR,EpicBet,gsheets
2025-05-16,2025-05-17,football,iceland,female,totals,Ægir,Kormákur/Hvöt,over,2.52,0.47825,0.2051900000000001,NA,75,3.5,TRUE,114,EUR,EpicBet,gsheets
2025-05-16,2025-05-17,football,iceland,female,totals,Fram,Þór/KA,over,2.55,0.572,0.4585999999999998,NA,180,3.5,TRUE,279,EUR,EpicBet,gsheets
2025-05-16,2025-05-17,football,iceland,female,totals,Hvíti riddarinn,Tindastóll,under,2.25,0.586,0.3184999999999999,NA,150,3.5,FALSE,-150,EUR,EpicBet,gsheets
2025-05-16,2025-05-17,football,iceland,female,totals,KF,Árbær,over,1.8,0.61875,0.11375000000000007,NA,90,3.5,FALSE,-90,EUR,CoolBet,gsheets
2025-05-16,2025-05-17,football,iceland,female,totals,KFA,Víkingur Ó.,over,1.44,0.78425,0.12931999999999994,NA,180,2.5,FALSE,-180,EUR,EpicBet,gsheets
2025-05-16,2025-05-17,football,iceland,male,outcome,KFS,KH,home,2.4,0.52,0.248,NA,105,NA,FALSE,-105,EUR,EpicBet,gsheets
2025-05-16,2025-05-17,football,iceland,female,totals,KFS,KH,over,1.64,0.73325,0.20252999999999988,NA,195,3.5,TRUE,125,EUR,EpicBet,gsheets
2025-05-16,2025-05-17,football,iceland,female,totals,KR,HK,over,2.04,0.5625,0.14749999999999996,NA,90,3.5,TRUE,94,EUR,CoolBet,gsheets
2025-05-16,2025-05-17,football,iceland,female,outcome,Stjarnan,FHL,home,1.45,0.808,0.17160000000000003,NA,225,NA,TRUE,101,EUR,CoolBet,gsheets
2025-05-16,2025-05-17,football,iceland,female,totals,Stjarnan,FHL,over,2.45,0.56725,0.38976250000000023,NA,165,3.5,FALSE,-165,EUR,CoolBet,gsheets
2025-05-15,2025-05-18,football,iceland,male,outcome,Breiðablik,Valur,home,2,0.573875,0.14775000000000005,NA,90,NA,TRUE,90,EUR,EpicBet,gsheets
2025-05-15,2025-05-19,football,iceland,male,outcome,ÍA,FH,home,2.4,0.494,0.1856,NA,75,NA,FALSE,-75,EUR,EpicBet,gsheets
2025-05-15,2025-05-19,football,iceland,male,handicap,ÍA,FH,home,2.35,0.494,0.16090000000000004,NA,75,-0.5,FALSE,-75,EUR,EpicBet,gsheets
2025-05-16,2025-05-19,football,iceland,male,outcome,ÍA,FH,home,2.4,0.50375,0.20900000000000007,NA,90,NA,FALSE,-90,EUR,EpicBet,gsheets
2025-05-28,2025-05-29,football,iceland,male,totals,Álftanes,KH,under,1.62,0.70875,0.14817500000000006,NA,150,4.5,FALSE,-150,EUR,EpicBet,gsheets
2025-05-28,2025-05-29,football,iceland,male,outcome,Árbær,KFK,home,1.8,0.7415,0.3347000000000001,NA,255,NA,TRUE,204,EUR,EpicBet,gsheets
2025-05-28,2025-05-29,football,iceland,male,handicap,Árbær,KFK,home,2.72,0.58625,0.5946000000000004,NA,210,-1.5,TRUE,361,EUR,EpicBet,gsheets
2025-05-28,2025-05-29,football,iceland,male,totals,Árbær,KFK,over,1.48,0.723,0.07003999999999994,NA,90,3.5,TRUE,43,EUR,EpicBet,gsheets
2025-05-28,2025-05-29,football,iceland,male,outcome,Elliði,KÁ,home,2.85,0.467,0.3309500000000002,NA,105,NA,FALSE,-105,EUR,EpicBet,gsheets
2025-05-28,2025-05-29,football,iceland,male,handicap,Elliði,KÁ,home,1.28,0.81375,0.0416,NA,90,1.5,TRUE,25,EUR,EpicBet,gsheets
2025-05-28,2025-05-29,football,iceland,male,totals,Hafnir,Árborg,over,2.4,0.584,0.40159999999999985,NA,165,4.5,TRUE,231,EUR,EpicBet,gsheets
2025-05-27,2025-05-29,football,iceland,male,outcome,ÍBV,FH,home,2.75,0.4545,0.24987500000000007,NA,90,NA,TRUE,157,EUR,EpicBet,gsheets
2025-05-27,2025-05-29,football,iceland,male,handicap,ÍBV,FH,home,1.2,0.86625,0.039499999999999924,NA,120,1.5,TRUE,24,EUR,EpicBet,gsheets
2025-05-27,2025-05-29,football,iceland,male,totals,ÍBV,FH,under,1.8,0.65025,0.17045,NA,135,3.5,TRUE,108,EUR,EpicBet,gsheets
2025-05-28,2025-05-29,football,iceland,male,outcome,Kría,KFS,away,6.5,0.2645,0.71925,NA,75,NA,FALSE,-75,EUR,EpicBet,gsheets
2025-05-28,2025-05-29,football,iceland,male,totals,Kría,KFS,over,1.55,0.7475,0.15862500000000013,NA,180,3.5,TRUE,99,EUR,EpicBet,gsheets
2025-05-27,2025-05-29,football,iceland,male,totals,Stjarnan,KR,over,1.75,0.68325,0.19568750000000001,NA,150,3.5,TRUE,112,EUR,EpicBet,gsheets
2025-05-30,2025-05-30,football,iceland,male,totals,Fjölnir,ÍR,under,1.23,0.83675,0.029202499999999965,NA,75,4.5,TRUE,17,EUR,EpicBet,gsheets
2025-05-30,2025-05-30,football,iceland,male,totals,Keflavík,HK,over,2.2,0.5225,0.14949999999999997,NA,75,3.5,FALSE,-75,EUR,EpicBet,gsheets
2025-05-30,2025-05-30,football,iceland,male,totals,Leiknir R.,Grindavík,over,1.15,0.91175,0.04851249999999985,NA,195,1.5,TRUE,29,EUR,EpicBet,gsheets
2025-05-30,2025-05-30,football,iceland,male,handicap,Selfoss,Njarðvík,home,1.45,0.73175,0.06103749999999997,NA,75,1.5,FALSE,-75,EUR,EpicBet,gsheets
2025-05-30,2025-05-30,football,iceland,male,outcome,Þór,Fylkir,home,2.55,0.5015,0.27882499999999977,NA,105,NA,TRUE,163,EUR,EpicBet,gsheets
2025-05-30,2025-05-31,football,iceland,male,totals,Augnablik,Tindastóll,under,2.14,0.5995,0.2829300000000001,NA,150,3.5,FALSE,-150,EUR,CoolBet,gsheets
2025-05-30,2025-05-31,football,iceland,male,outcome,Hvíti riddarinn,Sindri,away,4.75,0.2705,0.284875,NA,45,NA,FALSE,-45,EUR,CoolBet,gsheets
2025-05-30,2025-05-31,football,iceland,male,outcome,KFA,Þróttur V.,away,3.1,0.3695,0.14544999999999997,NA,45,NA,TRUE,94,EUR,CoolBet,gsheets
2025-05-30,2025-05-31,football,iceland,male,totals,KFA,Þróttur V.,over,2.07,0.57725,0.1949075,NA,105,3.5,FALSE,-105,EUR,CoolBet,gsheets
2025-05-30,2025-05-31,football,iceland,male,totals,KFG,Höttur/Huginn,over,1.76,0.602,0.05951999999999996,NA,45,3.5,TRUE,34,EUR,CoolBet,gsheets
2025-05-30,2025-05-31,football,iceland,male,outcome,Víðir,Grótta,home,3.14,0.36225,0.13746500000000006,NA,45,NA,FALSE,-45,EUR,CoolBet,gsheets
2025-05-30,2025-05-31,football,iceland,male,totals,Víðir,Grótta,under,1.64,0.76425,0.2533699999999999,NA,240,3.5,TRUE,154,EUR,CoolBet,gsheets
2025-05-30,2025-05-31,football,iceland,male,outcome,Víkingur Ó.,Kormákur/Hvöt,home,1.4,0.7945,0.1122999999999999,NA,165,NA,FALSE,-165,EUR,CoolBet,gsheets
2025-05-30,2025-06-01,football,iceland,male,totals,KA,Stjarnan,under,1.3,0.7895,0.026350000000000012,NA,60,4.5,TRUE,18,EUR,EpicBet,gsheets
2025-06-04,2025-06-04,football,iceland,male,outcome,Grótta,KFG,home,1.6,0.72525,0.1604,NA,165,NA,TRUE,99,EUR,EpicBet,gsheets
2025-06-04,2025-06-04,football,iceland,male,totals,ÍH,Magni,over,1.64,0.66375,0.08854999999999985,NA,90,3.5,TRUE,58,EUR,EpicBet,gsheets
2025-06-04,2025-06-04,football,iceland,male,outcome,Kári,Víðir,home,2.1,0.5455,0.14555000000000007,NA,75,NA,TRUE,82,EUR,EpicBet,gsheets
2025-06-04,2025-06-04,football,iceland,male,outcome,Kormákur/Hvöt,Dalvík/Reynir,away,3.65,0.47625,0.7383124999999999,NA,165,NA,TRUE,437,EUR,EpicBet,gsheets
2025-06-04,2025-06-04,football,iceland,male,totals,KV,Árbær,over,2.04,0.5765,0.17606,NA,105,4.5,TRUE,109,EUR,EpicBet,gsheets
2025-06-04,2025-06-04,football,iceland,male,outcome,Tindastóll,KF,home,2.25,0.60175,0.3539375,NA,165,NA,TRUE,206,EUR,EpicBet,gsheets
2025-06-04,2025-06-04,football,iceland,male,totals,Tindastóll,KF,under,2.01,0.5885,0.18288499999999996,NA,105,3.5,TRUE,106,EUR,EpicBet,gsheets
2025-06-04,2025-06-04,football,iceland,male,outcome,Þróttur V.,Ægir,home,1.55,0.68725,0.06523750000000006,NA,75,NA,FALSE,-75,EUR,EpicBet,gsheets
2025-06-05,2025-06-05,football,iceland,male,outcome,Árborg,Kría,home,1.5,0.84,0.25999999999999995,NA,315,NA,FALSE,-315,EUR,EpicBet,gsheets
2025-06-05,2025-06-05,football,iceland,male,totals,Árborg,Kría,over,1.83,0.72525,0.3272075,NA,240,3.5,TRUE,199,EUR,EpicBet,gsheets
2025-06-04,2025-06-05,football,iceland,male,outcome,Höttur/Huginn,KFA,home,3.75,0.45275,0.6978125,NA,150,NA,FALSE,-150,EUR,EpicBet,gsheets
2025-06-05,2025-06-05,football,iceland,female,totals,ÍA,HK,under,1.96,0.655,0.28380000000000005,NA,180,3.5,FALSE,-180,EUR,EpicBet,gsheets
2025-06-05,2025-06-05,football,iceland,male,outcome,KÁ,Hafnir,home,1.6,0.8585,0.37360000000000015,NA,375,NA,TRUE,225,EUR,EpicBet,gsheets
2025-06-05,2025-06-05,football,iceland,male,totals,KÁ,Hafnir,over,1.65,0.888,0.46519999999999995,NA,435,3.5,TRUE,283,EUR,EpicBet,gsheets
2025-06-05,2025-06-05,football,iceland,male,outcome,Vængir júpiters,Álftanes,home,1.95,0.747,0.45665,NA,285,NA,TRUE,271,EUR,EpicBet,gsheets
2025-06-06,2025-06-06,football,iceland,female,totals,Álftanes,ÍR,away,2.25,0.53525,0.2043125,NA,105,NA,TRUE,131,EUR,EpicBet,gsheets
2025-06-06,2025-06-06,football,iceland,female,handicap,Álftanes,ÍR,away,3.84,0.3575,0.3727999999999998,NA,75,1.5,FALSE,-75,EUR,EpicBet,gsheets
2025-06-06,2025-06-06,football,iceland,female,totals,Breiðablik,FHL,over,1.62,0.80775,0.308555,NA,300,4.5,TRUE,186,EUR,EpicBet,gsheets
2025-06-06,2025-06-06,football,iceland,female,handicap,Tindastóll,Valur,home,1.84,0.59225,0.08974000000000015,NA,60,1.5,FALSE,-60,EUR,EpicBet,gsheets
2025-06-06,2025-06-06,football,iceland,female,totals,Tindastóll,Valur,under,1.68,0.675,0.134,NA,120,3.5,FALSE,-120,EUR,EpicBet,gsheets
2025-06-06,2025-06-07,football,iceland,female,totals,Breiðablik,FHL,home,1.02,0.98875,0.008525000000000036,NA,255,NA,TRUE,5,EUR,EpicBet,gsheets
2025-06-06,2025-06-07,football,iceland,female,handicap,Breiðablik,FHL,home,1.53,0.84975,0.30011750000000004,NA,345,-3.5,TRUE,183,EUR,EpicBet,gsheets
2025-06-06,2025-06-07,football,iceland,female,totals,Fram,Stjarnan,home,3.5,0.3505,0.22675,NA,60,NA,TRUE,150,EUR,EpicBet,gsheets
2025-06-08,2025-06-09,football,iceland,male,outcome,Ægir,Höttur/Huginn,away,6.6,0.2105,0.38929999999999987,NA,60,NA,FALSE,-60,EUR,EpicBet,gsheets
2025-06-08,2025-06-09,football,iceland,male,outcome,Fjölnir,Selfoss,home,2.05,0.60525,0.24076249999999977,NA,210,NA,FALSE,-210,EUR,EpicBet,gsheets
2025-06-08,2025-06-09,football,iceland,male,totals,Fjölnir,Selfoss,over,2.2,0.497,0.09340000000000004,NA,75,3.5,FALSE,-75,EUR,EpicBet,gsheets
2025-06-08,2025-06-09,football,iceland,male,totals,Grindavík,HK,over,2.1,0.6125,0.2862500000000001,NA,240,3.5,FALSE,-240,EUR,EpicBet,gsheets
2025-06-08,2025-06-09,football,iceland,male,outcome,Haukar,Kormákur/Hvöt,home,1.65,0.77875,0.28493750000000007,NA,390,NA,TRUE,254,EUR,EpicBet,gsheets
2025-06-08,2025-06-09,football,iceland,male,totals,Haukar,Kormákur/Hvöt,over,2.4,0.522,0.2528,NA,165,3.5,FALSE,-165,EUR,EpicBet,gsheets
2025-06-08,2025-06-09,football,iceland,male,outcome,Keflavík,Fylkir,home,2.05,0.56275,0.15363749999999987,NA,135,NA,TRUE,142,EUR,EpicBet,gsheets
2025-06-08,2025-06-09,football,iceland,male,totals,Keflavík,Fylkir,under,1.75,0.63225,0.10643749999999996,NA,135,3.5,TRUE,101,EUR,EpicBet,gsheets
2025-06-08,2025-06-09,football,iceland,male,outcome,KF,Ýmir,home,1.95,0.54275,0.05836249999999987,NA,60,NA,FALSE,-60,EUR,EpicBet,gsheets
2025-06-08,2025-06-09,football,iceland,male,totals,KF,Ýmir,over,2.32,0.48725,0.13041999999999987,NA,90,3.5,FALSE,-90,EUR,EpicBet,gsheets
2025-06-08,2025-06-09,football,iceland,male,totals,KFA,Grótta,under,1.97,0.58625,0.15491250000000012,NA,150,3.5,FALSE,-150,EUR,EpicBet,gsheets
2025-06-08,2025-06-09,football,iceland,male,outcome,KFG,Kári,away,2.88,0.46,0.3248,NA,150,NA,FALSE,-150,EUR,EpicBet,gsheets
2025-06-08,2025-06-09,football,iceland,male,totals,KFG,Kári,over,2.48,0.52425,0.30013999999999996,NA,180,3.5,TRUE,266,EUR,EpicBet,gsheets
2025-06-08,2025-06-09,football,iceland,male,totals,KV,KFK,over,2.33,0.5455,0.271015,NA,180,4.5,FALSE,-180,EUR,EpicBet,gsheets
2025-06-08,2025-06-09,football,iceland,male,outcome,Leiknir R.,Völsungur,home,2.88,0.60125,0.7315999999999997,NA,345,NA,TRUE,649,EUR,EpicBet,gsheets
2025-06-08,2025-06-09,football,iceland,male,totals,Leiknir R.,Völsungur,over,2.15,0.51725,0.1120874999999999,NA,90,3.5,TRUE,103,EUR,EpicBet,gsheets
2025-06-08,2025-06-09,football,iceland,male,outcome,Reynir S.,Hvíti riddarinn,home,6.5,0.3885,1.5252500000000002,NA,255,NA,TRUE,1402,EUR,EpicBet,gsheets
2025-06-08,2025-06-09,football,iceland,female,totals,Tindastóll,ÍBV,over,2.18,0.51325,0.11888500000000002,NA,90,3.5,TRUE,106,EUR,EpicBet,gsheets
2025-06-08,2025-06-09,football,iceland,male,outcome,Víðir,Dalvík/Reynir,home,2.95,0.42025,0.23973750000000016,NA,105,NA,TRUE,205,EUR,EpicBet,gsheets
2025-06-08,2025-06-09,football,iceland,male,totals,Víðir,Dalvík/Reynir,under,1.46,0.7525,0.0986499999999999,NA,195,3.5,TRUE,90,EUR,EpicBet,gsheets
2025-06-08,2025-06-09,football,iceland,male,totals,Þór,ÍR,under,1.55,0.6755,0.04702500000000004,NA,75,3.5,TRUE,41,EUR,EpicBet,gsheets
2025-06-08,2025-06-10,football,iceland,male,outcome,Árbær,ÍH,home,1.25,0.816,0.019999999999999934,NA,75,NA,FALSE,-75,EUR,EpicBet,gsheets
2025-06-08,2025-06-10,football,iceland,male,totals,Árbær,ÍH,over,1.78,0.8005,0.42489,NA,495,4.5,TRUE,386,EUR,EpicBet,gsheets
2025-06-11,2025-06-11,football,iceland,female,totals,Valur,Þróttur R.,under,1.91,0.72875,0.3919125,NA,390,3.5,TRUE,355,EUR,EpicBet,gsheets
2025-06-12,2025-06-12,football,iceland,male,outcome,Árborg,KÁ,home,2.05,0.535,0.09675,NA,90,NA,FALSE,-90,EUR,EpicBet,gsheets
2025-06-12,2025-06-12,football,iceland,male,handicap,Árborg,KÁ,home,1.17,0.8775,0.026674999999999865,NA,135,1.5,TRUE,23,EUR,EpicBet,gsheets
2025-06-12,2025-06-12,football,iceland,male,outcome,Hafnir,KH,home,5.3,0.292,0.5475999999999999,NA,120,NA,FALSE,-120,EUR,EpicBet,gsheets
2025-06-12,2025-06-12,football,iceland,male,handicap,Hafnir,KH,home,1.82,0.595,0.08289999999999997,NA,90,1.5,FALSE,-90,EUR,EpicBet,gsheets
2025-06-12,2025-06-12,football,iceland,male,totals,Hafnir,KH,over,2.36,0.55275,0.3044899999999998,NA,195,5.5,FALSE,-195,EUR,EpicBet,gsheets
2025-06-10,2025-06-12,football,iceland,female,outcome,Haukar,ÍA,away,2.6,0.52125,0.35525000000000007,NA,195,NA,FALSE,-195,EUR,EpicBet,gsheets
2025-06-11,2025-06-12,football,iceland,female,totals,Haukar,ÍA,over,1.8,0.63275,0.13895000000000013,NA,150,3.5,FALSE,-150,EUR,EpicBet,gsheets
2025-06-10,2025-06-12,football,iceland,female,totals,Keflavík,Fylkir,under,1.68,0.75,0.26,NA,345,3.5,FALSE,-345,EUR,EpicBet,gsheets
2025-06-11,2025-06-12,football,iceland,female,totals,KR,Grótta,over,1.59,0.7375,0.17262500000000014,NA,255,3.5,TRUE,150,EUR,EpicBet,gsheets
2025-06-12,2025-06-12,football,iceland,male,outcome,Kría,Hamar,away,5.5,0.2655,0.46025000000000005,NA,90,NA,FALSE,-90,EUR,EpicBet,gsheets
2025-06-12,2025-06-12,football,iceland,male,handicap,Kría,Hamar,away,1.75,0.61575,0.07756250000000003,NA,90,-1.5,FALSE,-90,EUR,EpicBet,gsheets
2025-06-12,2025-06-12,football,iceland,male,totals,Kría,Hamar,over,2.1,0.54625,0.14712500000000006,NA,120,4.5,FALSE,-120,EUR,EpicBet,gsheets
2025-06-12,2025-06-12,football,iceland,female,totals,KR,Grótta,over,1.64,0.742,0.2168799999999999,NA,413,3.5,TRUE,264,ISK,Lengjan,gsheets
2025-06-12,2025-06-12,football,iceland,female,totals,Keflavík,Fylkir,under,1.54,0.73175,0.12689500000000004,NA,287,3.5,FALSE,-287,ISK,Lengjan,gsheets
2025-06-12,2025-06-13,football,finland,male,outcome,JaPS,Klubi 04,home,4.64,0.2905,0.3479199999999998,NA,60,NA,TRUE,218,EUR,EpicBet,gsheets
2025-06-12,2025-06-13,football,iceland,male,totals,Fylkir,Grindavík,over,1.93,0.5965,0.15124500000000007,NA,150,3.5,FALSE,-150,EUR,EpicBet,gsheets
2025-06-13,2025-06-13,football,iceland,male,totals,HK,Fjölnir,under,1.8,0.588,0.05839999999999995,NA,60,3.5,TRUE,48,EUR,CoolBet,gsheets
2025-06-12,2025-06-13,football,iceland,male,totals,Hvíti riddarinn,Augnablik,under,1.95,0.59425,0.15878749999999986,NA,150,3.5,FALSE,-150,EUR,EpicBet,gsheets
2025-06-12,2025-06-13,football,iceland,male,outcome,ÍR,Leiknir R.,home,1.97,0.66475,0.30955749999999993,NA,285,NA,TRUE,276,EUR,EpicBet,gsheets
2025-06-12,2025-06-13,football,iceland,male,handicap,ÍR,Leiknir R.,home,3.55,0.45,0.5974999999999999,NA,210,-1.5,FALSE,-210,EUR,EpicBet,gsheets
2025-06-12,2025-06-13,football,iceland,male,totals,ÍR,Leiknir R.,over,1.6,0.64925,0.03880000000000006,NA,60,2.5,FALSE,-60,EUR,EpicBet,gsheets
2025-06-12,2025-06-13,football,iceland,male,outcome,KFK,Reynir S.,home,5,0.30175,0.50875,NA,120,NA,FALSE,-120,EUR,EpicBet,gsheets
2025-06-12,2025-06-13,football,iceland,male,handicap,KFK,Reynir S.,home,1.6,0.6805,0.08880000000000005,NA,135,1.5,TRUE,81,EUR,EpicBet,gsheets
2025-06-12,2025-06-13,football,iceland,male,totals,KFK,Reynir S.,over,1.73,0.6085,0.05270500000000006,NA,60,3.5,TRUE,44,EUR,EpicBet,gsheets
2025-06-12,2025-06-13,football,iceland,male,outcome,ÍR,Leiknir R.,home,1.88,0.66475,0.24972999999999979,NA,346,NA,TRUE,304,ISK,Lengjan,gsheets
2025-06-12,2025-06-13,football,iceland,male,handicap,ÍR,Leiknir R.,home,3.04,0.45,0.368,NA,220,-1.5,FALSE,-220,ISK,Lengjan,gsheets
2025-06-12,2025-06-14,football,finland,male,totals,AC Oulu,HJK,under,2.11,0.5305,0.11935499999999988,NA,60,2.5,FALSE,-60,EUR,EpicBet,gsheets
2025-06-12,2025-06-14,football,finland,male,outcome,Gnistan,KTP,home,1.71,0.673,0.15083000000000008,NA,120,NA,TRUE,85,EUR,EpicBet,gsheets
2025-06-12,2025-06-14,football,finland,male,totals,Gnistan,KTP,over,2.49,0.5055,0.258695,NA,105,3.5,FALSE,-105,EUR,EpicBet,gsheets
2025-06-12,2025-06-14,football,finland,male,outcome,KuPS,Ilves,home,2.24,0.5115,0.14576,NA,75,NA,FALSE,-75,EUR,EpicBet,gsheets
2025-06-12,2025-06-14,football,finland,male,totals,Lahti,PK-35,under,1.82,0.6325,0.1511499999999999,NA,105,2.5,FALSE,-105,EUR,EpicBet,gsheets
2025-06-12,2025-06-14,football,finland,male,outcome,SalPa,JIPPO,home,5.2,0.2635,0.3702000000000001,NA,60,NA,FALSE,-60,EUR,EpicBet,gsheets
2025-06-12,2025-06-14,football,finland,male,outcome,SJK,Jaro,home,1.65,0.6715,0.10797499999999993,NA,105,NA,TRUE,68,EUR,EpicBet,gsheets
2025-06-12,2025-06-14,football,finland,male,totals,SJK,Jaro,over,1.74,0.62725,0.09141499999999997,NA,75,2.5,TRUE,56,EUR,EpicBet,gsheets
2025-06-13,2025-06-14,football,iceland,male,outcome,ÍH,KV,home,4,0.32475,0.29899999999999993,NA,90,NA,FALSE,-90,EUR,CoolBet,gsheets
2025-06-13,2025-06-14,football,iceland,male,totals,ÍH,KV,over,2.01,0.65125,0.3090124999999998,NA,270,4.5,TRUE,273,EUR,CoolBet,gsheets
2025-06-12,2025-06-14,football,iceland,male,outcome,Njarðvík,Þór,home,1.93,0.5575,0.0759749999999999,NA,75,NA,TRUE,70,EUR,EpicBet,gsheets
2025-06-12,2025-06-14,football,iceland,male,handicap,Njarðvík,Þór,home,3.3,0.35775,0.18057499999999993,NA,75,-1.5,TRUE,172,EUR,EpicBet,gsheets
2025-06-12,2025-06-14,football,iceland,male,totals,Njarðvík,Þór,over,1.5,0.61575,-0.07637499999999997,NA,135,2.5,TRUE,68,EUR,EpicBet,gsheets
2025-06-13,2025-06-14,football,iceland,male,totals,Njarðvík,Þór,over,2.17,0.5155,0.11863499999999982,NA,90,3.5,TRUE,105,EUR,CoolBet,gsheets
2025-06-10,2025-06-14,football,iceland,male,outcome,Stjarnan,Valur,home,3.75,0.36125,0.35468750000000016,NA,120,NA,TRUE,330,EUR,EpicBet,gsheets
2025-06-10,2025-06-14,football,iceland,male,handicap,Stjarnan,Valur,home,1.4,0.7495,0.04930000000000001,NA,105,1.5,TRUE,42,EUR,EpicBet,gsheets
2025-06-12,2025-06-14,football,iceland,male,outcome,Völsungur,Keflavík,away,1.6,0.70275,0.12440000000000007,NA,180,NA,FALSE,-180,EUR,EpicBet,gsheets
2025-06-12,2025-06-14,football,iceland,male,handicap,Völsungur,Keflavík,away,2.48,0.5,0.24,NA,150,1.5,FALSE,-150,EUR,EpicBet,gsheets
2025-06-12,2025-06-14,football,iceland,male,totals,Völsungur,Keflavík,over,2.2,0.5085,0.11870000000000003,NA,90,3.5,FALSE,-90,EUR,EpicBet,gsheets
2025-06-13,2025-06-14,football,iceland,male,outcome,Ýmir,Magni,home,3,0.43675,0.31025,NA,135,NA,FALSE,-135,EUR,CoolBet,gsheets
2025-06-13,2025-06-14,football,iceland,male,totals,Ýmir,Magni,under,1.88,0.60825,0.1435099999999998,NA,150,3.5,TRUE,132,EUR,CoolBet,gsheets
2025-06-11,2025-06-14,football,norway,male,outcome,Hodd,Lillestrom,home,6.88,0.2625,0.806,NA,75,NA,FALSE,-75,EUR,EpicBet,gsheets
2025-06-11,2025-06-14,football,norway,male,totals,Hodd,Lillestrom,under,1.93,0.58625,0.13146250000000004,NA,90,2.5,FALSE,-90,EUR,EpicBet,gsheets
2025-06-11,2025-06-14,football,sweden,male,totals,Falkenberg,Helsingborg,under,1.91,0.603,0.15172999999999992,NA,105,2.5,FALSE,-105,EUR,EpicBet,gsheets
2025-06-11,2025-06-14,football,sweden,male,outcome,Kalmar,Landskrona,home,1.76,0.67275,0.18403999999999998,NA,150,NA,TRUE,114,EUR,EpicBet,gsheets
2025-06-11,2025-06-14,football,sweden,male,outcome,Umea FC,Sundsvall,home,3.28,0.38275,0.25541999999999976,NA,60,NA,FALSE,-60,EUR,EpicBet,gsheets
2025-06-13,2025-06-15,football,brazil,male,totals,Criciuma,Amazonas,under,1.52,0.6945,0.05564000000000002,NA,60,2.5,FALSE,-60,EUR,CoolBet,gsheets
2025-06-10,2025-06-15,football,iceland,male,outcome,Afturelding,ÍA,home,2.55,0.459,0.17045,NA,105,NA,TRUE,163,EUR,EpicBet,gsheets
2025-06-10,2025-06-15,football,iceland,male,outcome,Fram,FH,home,2.95,0.45775,0.3503625,NA,165,NA,TRUE,322,EUR,EpicBet,gsheets
2025-06-10,2025-06-15,football,iceland,male,handicap,Fram,FH,home,1.2,0.862,0.03439999999999996,NA,150,1.5,TRUE,30,EUR,EpicBet,gsheets
2025-06-10,2025-06-15,football,iceland,male,outcome,ÍBV,Breiðablik,home,4.2,0.3555,0.49309999999999987,NA,135,NA,FALSE,-135,EUR,CoolBet,gsheets
2025-06-10,2025-06-15,football,iceland,male,handicap,ÍBV,Breiðablik,home,1.34,0.788,0.05592000000000008,NA,150,1.5,FALSE,-150,EUR,EpicBet,gsheets
2025-06-10,2025-06-15,football,iceland,male,totals,ÍBV,Breiðablik,under,1.71,0.61325,0.04865749999999991,NA,60,3.5,TRUE,43,EUR,CoolBet,gsheets
2025-06-10,2025-06-15,football,iceland,male,outcome,Vestri,KA,home,2.95,0.4495,0.3260250000000001,NA,150,NA,TRUE,292,EUR,CoolBet,gsheets
2025-06-10,2025-06-15,football,iceland,male,handicap,Vestri,KA,home,1.16,0.8895,0.031819999999999876,NA,180,1.5,TRUE,29,EUR,EpicBet,gsheets
2025-06-10,2025-06-15,football,iceland,male,totals,Vestri,KA,under,2.1,0.544,0.14240000000000008,NA,120,2.5,TRUE,132,EUR,EpicBet,gsheets
2025-06-12,2025-06-15,football,iceland,male,handicap,Vestri,KA,home,1.16,0.8925,0.03529999999999989,NA,269,1.5,TRUE,43,ISK,Lengjan,gsheets
2025-06-12,2025-06-15,football,iceland,male,handicap,ÍBV,Breiðablik,home,1.35,0.794,0.07190000000000013,NA,251,1.5,FALSE,-251,ISK,Lengjan,gsheets
2025-06-11,2025-06-15,football,norway,male,totals,Asane,Skeid,under,2.18,0.52275,0.13959500000000014,NA,75,2.5,FALSE,-75,EUR,EpicBet,gsheets
2025-06-11,2025-06-15,football,norway,male,outcome,Mjondalen,Moss,home,3.53,0.46775,0.6511575,NA,150,NA,FALSE,-150,EUR,EpicBet,gsheets
2025-06-11,2025-06-15,football,norway,male,totals,Raufoss,Odd,under,1.46,0.7865,0.14828999999999992,NA,195,3.5,TRUE,90,EUR,EpicBet,gsheets
2025-06-11,2025-06-15,football,sweden,male,totals,Brage,Orgryte,under,2.06,0.537,0.10622000000000009,NA,60,2.5,FALSE,-60,EUR,EpicBet,gsheets
2025-06-11,2025-06-15,football,sweden,male,outcome,Trelleborg,Utsikten,away,3.31,0.36975,0.22387250000000014,NA,60,NA,FALSE,-60,EUR,EpicBet,gsheets
2025-06-11,2025-06-15,football,sweden,male,totals,Trelleborg,Utsikten,under,2.13,0.52325,0.11452249999999997,NA,60,2.5,TRUE,68,EUR,EpicBet,gsheets
2025-06-10,2025-06-16,football,iceland,male,totals,Víkingur R.,KR,over,1.61,0.66925,0.07749250000000008,NA,120,3.5,TRUE,73,EUR,CoolBet,gsheets
2025-06-13,2025-06-17,football,brazil,male,totals,Volta Redondo,Avai,under,1.45,0.718,0.041099999999999914,NA,60,2.5,TRUE,27,EUR,CoolBet,gsheets
2025-06-16,2025-06-22,football,iceland,male,outcome,FH,Vestri,away,4.75,0.29175,0.3858124999999999,NA,90,NA,FALSE,-90,EUR,CoolBet,gsheets
2025-06-16,2025-06-22,football,iceland,male,handicap,FH,Vestri,away,1.41,0.784,0.10543999999999998,NA,225,-1.5,FALSE,-225,EUR,CoolBet,gsheets
2025-06-16,2025-06-22,football,iceland,male,totals,FH,Vestri,under,1.5,0.7385,0.10775000000000007,NA,195,3.5,TRUE,98,EUR,CoolBet,gsheets
2025-06-16,2025-06-22,football,iceland,male,outcome,ÍA,Stjarnan,home,2.45,0.44425,0.08841250000000012,NA,60,NA,FALSE,-60,EUR,CoolBet,gsheets
2025-07-24,2025-07-24,football,iceland,male,totals,Álftanes,KÁ,under,1.53,NA,-1,NA,525,5.5,TRUE,278,EUR,EpicBet,gsheets
2025-07-24,2025-07-24,football,iceland,male,outcome,Álftanes,KÁ,home,6.02,NA,-1,NA,555,NA,FALSE,-555,EUR,EpicBet,gsheets
2025-07-24,2025-07-24,football,iceland,female,outcome,Breiðablik,Þróttur R.,home,1.72,NA,-1,NA,225,NA,TRUE,162,EUR,EpicBet,gsheets
2025-07-24,2025-07-24,football,iceland,female,totals,Fylkir,Grótta,under,1.73,NA,-1,NA,120,3.5,TRUE,88,EUR,EpicBet,gsheets
2025-07-24,2025-07-24,football,iceland,female,outcome,Fylkir,Grótta,home,4.45,NA,-1,NA,255,NA,FALSE,-255,EUR,EpicBet,gsheets
2025-07-24,2025-07-24,football,iceland,male,totals,Hamar,KH,under,1.59,NA,-1,NA,240,4.5,FALSE,-240,EUR,EpicBet,gsheets
2025-07-24,2025-07-24,football,iceland,female,totals,HK,KR,over,1.71,NA,-1,NA,195,3.5,TRUE,138,EUR,EpicBet,gsheets
2025-07-24,2025-07-24,football,iceland,female,outcome,HK,KR,home,1.73,NA,-1,NA,120,NA,TRUE,88,EUR,EpicBet,gsheets
2025-07-24,2025-07-24,football,iceland,female,outcome,ÍBV,Haukar,away,13.4,NA,-1,NA,120,NA,FALSE,-120,EUR,EpicBet,gsheets
2025-07-24,2025-07-24,football,iceland,female,totals,Keflavík,Afturelding,over,1.85,NA,-1,NA,510,3.5,FALSE,-510,EUR,EpicBet,gsheets
2025-07-24,2025-07-24,football,iceland,female,outcome,Keflavík,Afturelding,home,1.38,NA,-1,NA,750,NA,TRUE,285,EUR,EpicBet,gsheets
2025-07-24,2025-07-24,football,iceland,male,totals,Þróttur V.,Víðir,under,1.9,NA,-1,NA,240,3.5,TRUE,216,EUR,EpicBet,gsheets
2025-07-25,2025-07-25,football,iceland,female,outcome,FH,Fram,home,1.46,0.74225,0.0836849999999999,NA,165,NA,TRUE,76,EUR,EpicBet,gsheets
2025-07-25,2025-07-25,football,iceland,female,handicap,FH,Fram,home,2.15,0.53275,0.14541249999999983,NA,120,-1.5,TRUE,138,EUR,EpicBet,gsheets
2025-07-25,2025-07-25,football,iceland,female,totals,FH,Fram,under,1.89,0.55775,0.054147499999999904,NA,60,3.5,FALSE,-60,EUR,EpicBet,gsheets
2025-07-25,2025-07-25,football,iceland,male,outcome,Grótta,Kári,away,8.5,0.19375,0.646875,NA,75,NA,TRUE,562,EUR,EpicBet,gsheets
2025-07-25,2025-07-25,football,iceland,male,handicap,Grótta,Kári,away,2,0.5765,0.15300000000000002,NA,135,-1.5,TRUE,135,EUR,EpicBet,gsheets
2025-07-25,2025-07-25,football,iceland,male,outcome,Haukar,KFG,away,5,0.259,0.29500000000000004,NA,60,NA,TRUE,240,EUR,EpicBet,gsheets
2025-07-25,2025-07-25,football,iceland,male,outcome,HK,Leiknir R.,away,4.75,0.26475,0.2575625,NA,60,NA,FALSE,-60,EUR,EpicBet,gsheets
2025-07-25,2025-07-25,football,iceland,male,totals,HK,Leiknir R.,over,2,0.56425,0.12850000000000006,NA,120,3.5,FALSE,-120,EUR,EpicBet,gsheets
2025-07-25,2025-07-25,football,iceland,male,outcome,Höttur/Huginn,Dalvík/Reynir,home,3.2,0.4715,0.5088000000000001,NA,210,NA,FALSE,-210,EUR,EpicBet,gsheets
2025-07-25,2025-07-25,football,iceland,male,handicap,Höttur/Huginn,Dalvík/Reynir,home,1.29,0.849,0.09520999999999999,NA,300,1.5,FALSE,-300,EUR,EpicBet,gsheets
2025-07-25,2025-07-25,football,iceland,male,totals,Höttur/Huginn,Dalvík/Reynir,under,1.9,0.56225,0.06827499999999997,NA,75,3.5,FALSE,-75,EUR,EpicBet,gsheets
2025-07-25,2025-07-25,football,iceland,male,outcome,ÍH,Reynir S.,away,7.5,0.195,0.46250000000000013,NA,60,NA,TRUE,390,EUR,EpicBet,gsheets
2025-07-25,2025-07-25,football,iceland,male,handicap,ÍH,Reynir S.,home,1.72,0.83825,0.44179,NA,555,2.5,TRUE,400,EUR,EpicBet,gsheets
2025-07-25,2025-07-25,football,iceland,male,totals,ÍH,Reynir S.,over,1.75,0.6425,0.1243749999999999,NA,150,4.5,TRUE,112,EUR,EpicBet,gsheets
2025-07-25,2025-07-25,football,iceland,male,outcome,ÍR,Njarðvík,home,2.95,0.5765,0.7006750000000002,NA,330,NA,FALSE,-330,EUR,EpicBet,gsheets
2025-07-25,2025-07-25,football,iceland,male,handicap,ÍR,Njarðvík,home,1.25,0.92125,0.15156250000000002,NA,540,1.5,TRUE,135,EUR,EpicBet,gsheets
2025-07-25,2025-07-25,football,iceland,male,totals,ÍR,Njarðvík,under,1.62,0.67,0.08540000000000014,NA,120,3.5,FALSE,-120,EUR,EpicBet,gsheets
2025-07-25,2025-07-25,football,iceland,male,outcome,Keflavík,Þór,home,2.1,0.68975,0.44847499999999996,NA,360,NA,FALSE,-360,EUR,EpicBet,gsheets
2025-07-25,2025-07-25,football,iceland,male,handicap,Keflavík,Þór,home,3.4,0.47025,0.5988500000000001,NA,225,-1.5,FALSE,-225,EUR,EpicBet,gsheets
2025-07-25,2025-07-25,football,iceland,male,totals,Keflavík,Þór,under,1.88,0.57225,0.07582999999999995,NA,75,3.5,FALSE,-75,EUR,EpicBet,gsheets
2025-07-25,2025-07-25,football,iceland,male,outcome,KFS,Vængir Júpiters,home,3.33,0.45475,0.5143175,NA,195,NA,FALSE,-195,EUR,EpicBet,gsheets
2025-07-25,2025-07-25,football,iceland,male,handicap,KFS,Vængir Júpiters,home,1.44,0.80225,0.15524,NA,315,1.5,FALSE,-315,EUR,EpicBet,gsheets
2025-07-25,2025-07-25,football,iceland,male,totals,KV,Augnablik,under,1.8,0.6005,0.08090000000000008,NA,90,3.5,FALSE,-90,EUR,EpicBet,gsheets
2025-07-25,2025-07-26,football,iceland,male,outcome,Árbær,KF,home,2.05,0.65875,0.35043749999999974,NA,300,NA,TRUE,315,EUR,EpicBet,gsheets
2025-07-25,2025-07-26,football,iceland,male,handicap,Árbær,KF,home,3.28,0.469,0.5383199999999998,NA,210,-1.5,TRUE,479,EUR,EpicBet,gsheets
2025-07-25,2025-07-26,football,iceland,male,totals,Árbær,KF,over,1.95,0.6215,0.21192500000000003,NA,195,3.5,FALSE,-195,EUR,EpicBet,gsheets
2025-07-25,2025-07-26,football,iceland,male,totals,Magni,KFK,over,1.86,0.58575,0.08949499999999999,NA,90,3.5,FALSE,-90,EUR,EpicBet,gsheets
2025-07-25,2025-07-26,football,iceland,male,outcome,Tindastóll,Hvíti riddarinn,home,3.05,0.574,0.7506999999999998,NA,330,NA,FALSE,-330,EUR,EpicBet,gsheets
2025-07-25,2025-07-26,football,iceland,male,handicap,Tindastóll,Hvíti riddarinn,home,5.94,0.36475,1.1666150000000002,NA,210,-1.5,FALSE,-210,EUR,EpicBet,gsheets
2025-07-25,2025-07-26,football,iceland,male,totals,Tindastóll,Hvíti riddarinn,under,1.48,0.7135,0.05598000000000003,NA,105,4.5,TRUE,50,EUR,EpicBet,gsheets
2025-07-25,2025-07-26,football,iceland,male,outcome,Víkingur Ó.,KFA,home,2.15,0.505,0.08574999999999999,NA,60,NA,TRUE,69,EUR,EpicBet,gsheets
2025-07-25,2025-07-26,football,iceland,male,totals,Víkingur Ó.,KFA,under,1.49,0.71,0.05789999999999995,NA,105,4.5,FALSE,-105,EUR,EpicBet,gsheets
2025-07-25,2025-07-26,football,iceland,male,outcome,Ýmir,Sindri,home,2.25,0.50475,0.13568750000000007,NA,105,NA,TRUE,131,EUR,EpicBet,gsheets
2025-07-25,2025-07-26,football,iceland,male,handicap,Ýmir,Sindri,home,4.25,0.3225,0.370625,NA,105,-1.5,TRUE,341,EUR,EpicBet,gsheets
2025-07-25,2025-07-26,football,iceland,male,totals,Ýmir,Sindri,over,2.25,0.6175,0.38937500000000014,NA,285,3.5,TRUE,356,EUR,EpicBet,gsheets
2025-07-25,2025-07-27,football,iceland,male,outcome,Valur,FH,home,1.72,0.70575,0.2138899999999999,NA,270,NA,TRUE,194,EUR,EpicBet,gsheets
2025-07-25,2025-07-27,football,iceland,male,handicap,Valur,FH,home,2.8,0.50175,0.40490000000000004,NA,195,-1.5,TRUE,351,EUR,EpicBet,gsheets
2025-07-25,2025-07-27,football,iceland,male,totals,Valur,FH,over,2.15,0.5185,0.11477499999999985,NA,90,3.5,TRUE,103,EUR,EpicBet,gsheets
2025-07-25,2025-07-27,football,iceland,male,outcome,Vestri,ÍBV,home,2.88,0.427,0.22975999999999996,NA,105,NA,TRUE,197,EUR,EpicBet,gsheets
2025-07-25,2025-07-27,football,iceland,male,handicap,Vestri,ÍBV,home,1.17,0.894,0.045979999999999965,NA,240,1.5,TRUE,41,EUR,EpicBet,gsheets
2025-07-25,2025-07-27,football,iceland,male,totals,Vestri,ÍBV,under,1.95,0.60575,0.1812125,NA,165,2.5,TRUE,157,EUR,EpicBet,gsheets
2025-07-29,2025-07-29,football,iceland,female,totals,Afturelding,HK,over,1.86,0.59225,0.10158500000000015,NA,105,3.5,TRUE,90,EUR,EpicBet,gsheets
2025-07-29,2025-07-29,football,iceland,female,outcome,Haukar,Fylkir,away,2.88,0.47125,0.35719999999999985,NA,165,NA,FALSE,-165,EUR,EpicBet,gsheets
2025-07-29,2025-07-29,football,iceland,female,handicap,Haukar,Fylkir,away,1.27,0.81225,0.031557500000000044,NA,105,-1.5,FALSE,-105,EUR,EpicBet,gsheets
2025-07-29,2025-07-29,football,iceland,female,totals,Haukar,Fylkir,over,1.74,0.60375,0.05052499999999999,NA,60,3.5,TRUE,44,EUR,EpicBet,gsheets
2025-07-29,2025-07-29,football,iceland,male,outcome,Leiknir R.,Keflavík,home,4,0.29525,0.18100000000000005,NA,60,NA,FALSE,-60,EUR,EpicBet,gsheets
2025-07-29,2025-07-29,football,iceland,male,outcome,Njarðvík,HK,away,4.5,0.27125,0.22062499999999996,NA,60,NA,FALSE,-60,EUR,EpicBet,gsheets
2025-07-29,2025-07-29,football,iceland,male,outcome,Vængir Júpiters,Hamar,home,1.36,0.85675,0.1651800000000001,NA,420,NA,FALSE,-420,EUR,EpicBet,gsheets
2025-07-29,2025-07-29,football,iceland,male,handicap,Vængir Júpiters,Hamar,home,1.86,0.71875,0.33687500000000004,NA,360,-1.5,FALSE,-360,EUR,EpicBet,gsheets
2025-07-29,2025-07-29,football,iceland,male,totals,Vængir Júpiters,Hamar,over,2.21,0.55075,0.2171574999999999,NA,165,4.5,FALSE,-165,EUR,EpicBet,gsheets
2025-07-29,2025-07-29,football,iceland,male,outcome,Þór,Grindavík,away,7.5,0.202,0.5150000000000001,NA,75,NA,FALSE,-75,EUR,EpicBet,gsheets
2025-07-29,2025-07-29,football,iceland,male,handicap,Þór,Grindavík,away,1.87,0.6095,0.13976500000000014,NA,150,-1.5,FALSE,-150,EUR,EpicBet,gsheets
2025-07-29,2025-07-29,football,iceland,male,totals,Þróttur R.,Fylkir,under,1.75,0.6035,0.05612500000000009,NA,60,3.5,TRUE,45,EUR,EpicBet,gsheets
2025-07-29,2025-07-30,football,iceland,male,outcome,Fjölnir,Völsungur,away,3.25,0.498,0.6185,NA,240,NA,FALSE,-240,EUR,EpicBet,gsheets
2025-07-29,2025-07-30,football,iceland,male,handicap,Fjölnir,Völsungur,away,1.3,0.8805,0.14465,NA,435,-1.5,TRUE,131,EUR,EpicBet,gsheets
2025-07-29,2025-07-30,football,iceland,male,totals,Fjölnir,Völsungur,under,1.85,0.62875,0.16318750000000015,NA,180,3.5,TRUE,153,EUR,EpicBet,gsheets
2025-07-29,2025-07-30,football,iceland,male,outcome,Selfoss,ÍR,home,3.8,0.46675,0.77365,NA,255,NA,FALSE,-255,EUR,EpicBet,gsheets
2025-07-29,2025-07-30,football,iceland,male,handicap,Selfoss,ÍR,home,1.35,0.82525,0.11408750000000012,NA,300,1.5,TRUE,105,EUR,EpicBet,gsheets
2025-07-29,2025-07-30,football,iceland,male,totals,Selfoss,ÍR,over,2.2,0.59525,0.30955,NA,225,3.5,FALSE,-225,EUR,EpicBet,gsheets
2025-07-29,2025-08-02,football,iceland,male,outcome,ÍBV,KR,away,2.35,0.493,0.15855000000000008,NA,105,NA,FALSE,-105,EUR,EpicBet,gsheets
2025-07-29,2025-08-02,football,iceland,male,totals,ÍBV,KR,under,1.9,0.613,0.16469999999999996,NA,165,3.5,TRUE,148,EUR,EpicBet,gsheets
2025-08-18,2025-08-18,football,england,male,outcome,Leeds,Everton,away,3.18,0.38175,0.21396500000000007,NA,90,NA,FALSE,-90,EUR,EpicBet,gsheets
2025-08-18,2025-08-18,football,iceland,male,outcome,Fram,KR,home,2.6,0.42875,0.11475000000000002,NA,60,NA,FALSE,-60,EUR,EpicBet,gsheets
2025-08-18,2025-08-18,football,iceland,male,totals,Fram,KR,over,1.87,0.58425,0.09254750000000012,NA,90,3.5,FALSE,-90,EUR,EpicBet,gsheets
2025-08-18,2025-08-19,football,england,male,outcome,AFC Wimbledon,Cardiff,home,3.38,0.411,0.38917999999999997,NA,150,NA,FALSE,-150,EUR,EpicBet,gsheets
2025-08-19,2025-08-19,football,england,male,outcome,Bristol Rovers,Oldham,home,2.11,0.532,0.12251999999999996,NA,105,NA,NA,NA,EUR,EpicBet,gsheets
2025-08-18,2025-08-19,football,england,male,outcome,Cheltenham,Bromley,home,2.93,0.451,0.3214300000000002,NA,150,NA,FALSE,-150,EUR,EpicBet,gsheets
2025-08-18,2025-08-19,football,england,male,outcome,Colchester,Cambridge Utd,home,2.56,0.48725,0.24736000000000002,NA,150,NA,FALSE,-150,EUR,EpicBet,gsheets
2025-08-18,2025-08-19,football,england,male,outcome,Crawley,MK Dons,home,3.69,0.582,1.14758,NA,390,NA,FALSE,-390,EUR,EpicBet,gsheets
2025-08-18,2025-08-19,football,england,male,outcome,Fleetwood,Crewe,home,2.68,0.56575,0.5162100000000001,NA,270,NA,FALSE,-270,EUR,EpicBet,gsheets
2025-08-18,2025-08-19,football,england,male,outcome,Gillingham,Chesterfield,home,3.06,0.511,0.5636600000000002,NA,240,NA,TRUE,494,EUR,EpicBet,gsheets
2025-08-18,2025-08-19,football,england,male,outcome,Harrogate,Barrow,home,2.89,0.52675,0.5223075000000003,NA,255,NA,TRUE,482,EUR,EpicBet,gsheets
2025-08-18,2025-08-19,football,england,male,outcome,Huddersfield,Doncaster,away,3.61,0.32075,0.15790749999999987,NA,60,NA,FALSE,-60,EUR,EpicBet,gsheets
2025-08-18,2025-08-19,football,england,male,outcome,Luton,Wigan,away,5.98,0.2245,0.3425100000000002,NA,60,NA,FALSE,-60,EUR,EpicBet,gsheets
2025-08-18,2025-08-19,football,england,male,outcome,Luton,Wigan,tie,3.83,0.323,0.23709000000000002,NA,75,NA,FALSE,-75,EUR,EpicBet,gsheets
2025-08-18,2025-08-19,football,england,male,outcome,Newport,Salford,home,3.7,0.32625,0.2071249999999999,NA,75,NA,FALSE,-75,EUR,EpicBet,gsheets
2025-08-18,2025-08-19,football,england,male,outcome,Peterborough,Barnsley,home,2.89,0.53,0.5317000000000001,NA,255,NA,FALSE,-255,EUR,EpicBet,gsheets
2025-08-18,2025-08-19,football,england,male,outcome,Plymouth,Leyton Orient,home,2.79,0.48525,0.3538475,NA,180,NA,FALSE,-180,EUR,EpicBet,gsheets
2025-08-18,2025-08-19,football,england,male,outcome,Stockport County,Bradford City,home,2.09,0.68975,0.44157749999999985,NA,360,NA,FALSE,-360,EUR,EpicBet,gsheets
2025-08-18,2025-08-19,football,england,male,outcome,Swindon,Barnet,home,2.04,0.86425,0.7630699999999999,NA,660,NA,FALSE,-660,EUR,EpicBet,gsheets
2025-08-19,2025-08-19,football,england,male,outcome,Walsall,Grimsby,home,2.36,0.5195,0.2260199999999999,NA,150,NA,FALSE,-150,EUR,EpicBet,gsheets
2025-08-18,2025-08-19,football,england,male,outcome,Wycombe,Exeter,tie,4.11,0.2975,0.22272500000000006,NA,60,NA,FALSE,-60,EUR,EpicBet,gsheets
2025-08-18,2025-08-19,football,england,male,outcome,Stockport County,Bradford City,home,1.9,0.68975,0.31052499999999994,NA,205,NA,FALSE,-205,ISK,Lengjan,gsheets
2025-08-18,2025-08-19,football,england,male,outcome,Crawley,MK Dons,home,3.53,0.582,1.0544599999999997,NA,248,NA,FALSE,-248,ISK,Lengjan,gsheets
2025-08-18,2025-08-19,football,england,male,outcome,Swindon,Barnet,home,1.93,0.86425,0.6680024999999998,NA,428,NA,FALSE,-428,ISK,Lengjan,gsheets
2025-08-18,2025-08-19,football,iceland,male,outcome,Kría,KÁ,home,9.15,0.39,2.5685000000000002,NA,285,NA,FALSE,-285,EUR,EpicBet,gsheets
2025-08-18,2025-08-19,football,iceland,male,handicap,Kría,KÁ,home,2.34,0.7195,0.68363,NA,465,1.5,FALSE,-465,EUR,EpicBet,gsheets
2025-08-18,2025-08-19,football,iceland,male,totals,Kría,KÁ,over,2.42,0.49325,0.19366499999999998,NA,120,5.5,FALSE,-120,EUR,EpicBet,gsheets
2025-08-18,2025-08-20,football,england,male,outcome,Bolton,Reading,away,5.6,0.279,0.5624000000000001,NA,105,NA,FALSE,-105,EUR,EpicBet,gsheets
2025-08-20,2025-08-20,football,iceland,male,outcome,Árbær,KV,home,3.65,0.62525,1.2821624999999996,NA,435,NA,TRUE,1153,EUR,EpicBet,gsheets
2025-08-20,2025-08-20,football,iceland,male,handicap,Árbær,KV,home,1.42,0.907,0.28794,NA,615,1.5,TRUE,258,EUR,EpicBet,gsheets
2025-08-20,2025-08-20,football,iceland,male,outcome,Augnablik,Ýmir,home,1.59,0.72025,0.14519749999999998,NA,225,NA,TRUE,133,EUR,EpicBet,gsheets
2025-08-20,2025-08-20,football,iceland,male,handicap,Augnablik,Ýmir,home,2.37,0.51875,0.22943750000000018,NA,150,-1.5,TRUE,206,EUR,EpicBet,gsheets
2025-08-20,2025-08-20,football,iceland,male,totals,Augnablik,Ýmir,over,1.86,0.57325,0.06624500000000011,NA,75,3.5,FALSE,-75,EUR,EpicBet,gsheets
2025-08-20,2025-08-20,football,iceland,female,outcome,Fram,Víkingur R.,home,3.5,0.32975,0.15412499999999996,NA,60,NA,FALSE,-60,EUR,EpicBet,gsheets
2025-08-20,2025-08-20,football,iceland,male,outcome,Hvíti riddarinn,KFK,away,10,0.2055,1.055,NA,105,NA,FALSE,-105,EUR,EpicBet,gsheets
2025-08-20,2025-08-20,football,iceland,male,handicap,Hvíti riddarinn,KFK,away,1.65,0.72875,0.20243749999999994,NA,285,-2.5,TRUE,185,EUR,EpicBet,gsheets
2025-08-20,2025-08-20,football,iceland,male,totals,KF,Tindastóll,under,1.88,0.66825,0.2563099999999999,NA,255,3.5,FALSE,-255,EUR,EpicBet,gsheets
2025-08-20,2025-08-20,football,iceland,male,outcome,Magni,ÍH,away,19.5,0.1645,2.20775,NA,105,NA,FALSE,-105,EUR,EpicBet,gsheets
2025-08-20,2025-08-20,football,iceland,male,outcome,Magni,ÍH,tie,11.5,0.1415,0.6272499999999999,NA,60,NA,FALSE,-60,EUR,EpicBet,gsheets
2025-08-20,2025-08-20,football,iceland,male,handicap,Magni,ÍH,away,1.81,0.794,0.4371400000000001,NA,480,-3.5,FALSE,-480,EUR,EpicBet,gsheets
2025-08-20,2025-08-20,football,iceland,male,totals,Magni,ÍH,under,2.42,0.481,0.16401999999999994,NA,105,4.5,FALSE,-105,EUR,EpicBet,gsheets
2025-08-20,2025-08-20,football,iceland,male,totals,Reynir S.,Sindri,over,1.8,0.616,0.10880000000000001,NA,120,3.5,TRUE,96,EUR,EpicBet,gsheets
2025-08-20,2025-08-20,football,iceland,female,outcome,Þróttur R.,Valur,home,2.02,0.52625,0.063025,NA,60,NA,FALSE,-60,EUR,EpicBet,gsheets
2025-08-20,2025-08-20,football,iceland,female,totals,Þróttur R.,Valur,under,1.58,0.72425,0.14431499999999997,NA,225,3.5,TRUE,131,EUR,EpicBet,gsheets
2025-08-20,2025-08-21,football,iceland,female,totals,Fylkir,Keflavík,under,1.75,0.62675,0.09681250000000008,NA,120,3.5,TRUE,90,EUR,EpicBet,gsheets
2025-08-20,2025-08-21,football,iceland,female,outcome,Grótta,KR,home,2.07,0.56525,0.17006749999999993,NA,150,NA,TRUE,160,EUR,EpicBet,gsheets
2025-08-20,2025-08-21,football,iceland,female,handicap,Grótta,KR,home,3.44,0.377,0.29688000000000003,NA,105,-1.5,TRUE,256,EUR,EpicBet,gsheets
2025-08-20,2025-08-21,football,iceland,female,totals,Grótta,KR,over,1.82,0.6535,0.18937000000000004,NA,210,3.5,FALSE,-210,EUR,EpicBet,gsheets
2025-08-20,2025-08-21,football,iceland,female,outcome,ÍA,Haukar,home,2.36,0.75275,0.7764899999999999,NA,510,NA,TRUE,694,EUR,EpicBet,gsheets
2025-08-20,2025-08-21,football,iceland,female,totals,ÍA,Haukar,over,2.11,0.68025,0.4353275,NA,360,3.5,FALSE,-360,EUR,EpicBet,gsheets
2025-08-20,2025-08-21,football,iceland,female,outcome,ÍBV,HK,away,4.7,0.36075,0.6955250000000001,NA,165,NA,FALSE,-165,EUR,EpicBet,gsheets
2025-08-20,2025-08-21,football,iceland,female,handicap,ÍBV,HK,away,1.58,0.76375,0.2067250000000001,NA,315,-1.5,FALSE,-315,EUR,EpicBet,gsheets
2025-08-20,2025-08-21,football,iceland,female,outcome,Þór/KA,FHL,home,1.29,0.88625,0.14326250000000001,NA,450,NA,TRUE,131,EUR,EpicBet,gsheets
2025-08-20,2025-08-21,football,iceland,female,handicap,Þór/KA,FHL,home,1.75,0.75275,0.3173125000000001,NA,375,-1.5,TRUE,281,EUR,EpicBet,gsheets
2025-08-20,2025-08-21,football,iceland,female,totals,Þór/KA,FHL,over,1.77,0.616,0.09032000000000001,NA,105,3.5,TRUE,81,EUR,EpicBet,gsheets
2025-08-18,2025-08-22,football,england,male,outcome,Derby,Bristol City,home,2.93,0.44875,0.3148375,NA,150,NA,FALSE,-150,EUR,EpicBet,gsheets
2025-08-18,2025-08-22,football,england,male,outcome,West Ham,Chelsea,tie,4.86,0.3465,0.6839900000000001,NA,165,NA,FALSE,-165,EUR,EpicBet,gsheets
2025-08-18,2025-08-22,football,england,male,outcome,West Ham,Chelsea,away,4.18,0.2855,0.19338999999999984,NA,60,NA,FALSE,-60,EUR,EpicBet,gsheets
2025-08-18,2025-08-22,football,england,male,handicap,West Ham,Chelsea,home,1.44,0.83875,0.20779999999999993,NA,420,1.5,FALSE,-420,EUR,EpicBet,gsheets
2025-08-18,2025-08-22,football,england,male,totals,West Ham,Chelsea,under,2.22,0.54075,0.200465,NA,150,2.5,FALSE,-150,EUR,EpicBet,gsheets
2025-08-20,2025-08-22,football,iceland,female,outcome,Breiðablik,Tindastóll,home,1.05,0.967,0.01535000000000001,NA,270,NA,TRUE,14,EUR,EpicBet,gsheets
2025-08-20,2025-08-22,football,iceland,female,handicap,Breiðablik,Tindastóll,home,2.17,0.698,0.5146599999999999,NA,390,-3.5,TRUE,456,EUR,EpicBet,gsheets
2025-08-20,2025-08-22,football,iceland,female,totals,Breiðablik,Tindastóll,over,1.99,0.6975,0.38802500000000006,NA,360,4.5,TRUE,356,EUR,EpicBet,gsheets
2025-08-18,2025-08-23,football,england,male,totals,Arsenal,Leeds,over,2.46,0.47575,0.17034499999999997,NA,105,3.5,TRUE,153,EUR,EpicBet,gsheets
2025-08-18,2025-08-23,football,england,male,outcome,Brentford,Aston Villa,home,3.25,0.3885,0.2626250000000001,NA,105,NA,TRUE,236,EUR,EpicBet,gsheets
2025-08-18,2025-08-23,football,england,male,handicap,Brentford,Aston Villa,home,1.24,0.886,0.09864,NA,375,1.5,TRUE,90,EUR,EpicBet,gsheets
2025-08-18,2025-08-23,football,england,male,totals,Brentford,Aston Villa,under,2.16,0.5745,0.24092000000000013,NA,180,2.5,TRUE,209,EUR,EpicBet,gsheets
2025-08-18,2025-08-23,football,england,male,outcome,Burnley,Sunderland,home,2.46,0.61125,0.5036749999999999,NA,315,NA,TRUE,460,EUR,EpicBet,gsheets
2025-08-18,2025-08-23,football,england,male,handicap,Burnley,Sunderland,home,5.22,0.33975,0.7734949999999998,NA,165,-1.5,TRUE,696,EUR,EpicBet,gsheets
2025-08-18,2025-08-23,football,england,male,outcome,Coventry,QPR,away,6.02,0.2255,0.35751,NA,60,NA,FALSE,-60,EUR,EpicBet,gsheets
2025-08-18,2025-08-23,football,england,male,totals,Coventry,QPR,over,2,0.586,0.17199999999999993,NA,150,2.5,TRUE,150,EUR,EpicBet,gsheets
2025-08-18,2025-08-23,football,england,male,outcome,Hull,Blackburn,away,3.78,0.39175,0.480815,NA,150,NA,TRUE,417,EUR,EpicBet,gsheets
2025-08-18,2025-08-23,football,england,male,handicap,Hull,Blackburn,away,1.73,0.67225,0.16299250000000004,NA,195,-0.5,TRUE,142,EUR,EpicBet,gsheets
2025-08-18,2025-08-23,football,england,male,totals,Hull,Blackburn,over,2.3,0.4775,0.09824999999999995,NA,75,2.5,TRUE,97,EUR,EpicBet,gsheets
2025-08-18,2025-08-23,football,england,male,outcome,Manchester City,Tottenham,home,1.51,0.871,0.31521,NA,555,NA,FALSE,-555,EUR,EpicBet,gsheets
2025-08-18,2025-08-23,football,england,male,handicap,Manchester City,Tottenham,home,2.21,0.70275,0.5530774999999999,NA,405,-1.5,FALSE,-405,EUR,EpicBet,gsheets
2025-08-18,2025-08-23,football,england,male,totals,Manchester City,Tottenham,over,2.2,0.56125,0.23475000000000013,NA,180,3.5,FALSE,-180,EUR,EpicBet,gsheets
2025-08-18,2025-08-23,football,england,male,handicap,Norwich,Middlesbrough,away,1.68,0.63275,0.06302000000000002,NA,90,-0.5,TRUE,61,EUR,EpicBet,gsheets
2025-08-18,2025-08-23,football,england,male,outcome,Preston,Ipswich,home,3.81,0.36625,0.39541249999999994,NA,120,NA,TRUE,337,EUR,EpicBet,gsheets
2025-08-18,2025-08-23,football,england,male,handicap,Preston,Ipswich,home,1.25,0.81825,0.02281250000000004,NA,75,1.5,TRUE,19,EUR,EpicBet,gsheets
2025-08-18,2025-08-23,football,england,male,totals,Preston,Ipswich,over,2.13,0.55425,0.1805525,NA,150,2.5,FALSE,-150,EUR,EpicBet,gsheets
2025-08-18,2025-08-23,football,england,male,outcome,Swansea,Watford,home,2.04,0.603,0.23012,NA,195,NA,FALSE,-195,EUR,EpicBet,gsheets
2025-08-18,2025-08-23,football,england,male,handicap,Swansea,Watford,home,3.93,0.34125,0.34111250000000015,NA,105,-1.5,FALSE,-105,EUR,EpicBet,gsheets
2025-08-19,2025-08-23,football,england,male,outcome,West Brom,Portsmouth,home,1.83,0.5985,0.09525500000000009,NA,105,NA,FALSE,-105,EUR,EpicBet,gsheets
2025-08-18,2025-08-23,football,england,male,handicap,Wrexham,Sheffield Wed,home,2.54,0.43275,0.09918499999999997,NA,60,-1.5,FALSE,-60,EUR,EpicBet,gsheets
2025-08-18,2025-08-23,football,england,male,totals,Wrexham,Sheffield Wed,over,1.89,0.67025,0.26677249999999997,NA,270,2.5,TRUE,240,EUR,EpicBet,gsheets
2025-08-18,2025-08-23,football,england,male,outcome,Manchester City,Tottenham,home,1.4,0.871,0.21939999999999993,NA,326,NA,NA,NA,ISK,Lengjan,gsheets
2025-08-18,2025-08-23,football,england,male,outcome,Cheltenham,Barnet,home,2.44,0.7545,0.8409799999999998,NA,348,NA,NA,NA,ISK,Lengjan,gsheets
2025-08-18,2025-08-23,football,england,male,outcome,Fleetwood,Oldham,home,2.21,0.6595,0.4574949999999999,NA,225,NA,NA,NA,ISK,Lengjan,gsheets
2025-08-18,2025-08-24,football,england,male,outcome,Crystal Palace,Nottingham,home,2.3,0.70525,0.6220749999999999,NA,435,NA,FALSE,-435,EUR,EpicBet,gsheets
2025-08-18,2025-08-24,football,england,male,handicap,Crystal Palace,Nottingham,home,4.62,0.4315,0.99353,NA,240,-1.5,FALSE,-240,EUR,EpicBet,gsheets
2025-08-18,2025-08-24,football,england,male,outcome,Fulham,Manchester Utd,home,3.1,0.41475,0.285725,NA,120,NA,FALSE,-120,EUR,EpicBet,gsheets
2025-08-18,2025-08-24,football,england,male,handicap,Fulham,Manchester Utd,home,1.22,0.8455,0.03151000000000001,NA,135,1.5,TRUE,30,EUR,EpicBet,gsheets
2025-08-18,2025-08-24,football,england,male,outcome,Crystal Palace,Nottingham,home,2.13,0.70525,0.5021825,NA,265,NA,NA,NA,ISK,Lengjan,gsheets
2025-08-20,2025-08-24,football,iceland,male,outcome,KA,Fram,home,2.1,0.54425,0.14292500000000008,NA,120,NA,TRUE,132,EUR,EpicBet,gsheets
2025-08-20,2025-08-24,football,iceland,male,handicap,KA,Fram,home,3.8,0.34,0.29200000000000004,NA,90,-1.5,TRUE,252,EUR,EpicBet,gsheets
2025-08-18,2025-08-25,football,england,male,outcome,Newcastle,Liverpool,home,3.41,0.54125,0.8456625000000002,NA,315,NA,FALSE,-315,EUR,EpicBet,gsheets
2025-08-18,2025-08-25,football,england,male,handicap,Newcastle,Liverpool,home,1.32,0.93175,0.22991,NA,645,1.5,TRUE,206,EUR,EpicBet,gsheets
2025-08-18,2025-08-25,football,england,male,totals,Newcastle,Liverpool,under,1.62,0.73625,0.19272500000000004,NA,285,3.5,FALSE,-285,EUR,EpicBet,gsheets
2025-08-20,2025-08-25,football,iceland,male,outcome,KR,Stjarnan,home,1.95,0.62775,0.22411250000000005,NA,210,NA,FALSE,-210,EUR,EpicBet,gsheets
2025-08-20,2025-08-25,football,iceland,male,handicap,KR,Stjarnan,home,3.15,0.373,0.17494999999999994,NA,75,-1.5,FALSE,-75,EUR,EpicBet,gsheets
2025-08-20,2025-08-25,football,iceland,male,totals,KR,Stjarnan,under,1.65,0.866,0.42889999999999995,NA,600,4.5,TRUE,390,EUR,EpicBet,gsheets
2025-08-20,2025-08-26,football,iceland,male,outcome,Valur,Afturelding,away,7.5,0.38275,1.8706249999999998,NA,255,NA,FALSE,-255,EUR,EpicBet,gsheets
2025-08-20,2025-08-26,football,iceland,male,outcome,Valur,Afturelding,tie,5.5,0.24625,0.354375,NA,75,NA,FALSE,-75,EUR,EpicBet,gsheets
2025-08-20,2025-08-26,football,iceland,male,handicap,Valur,Afturelding,away,1.8,0.816,0.4688,NA,525,-1.5,TRUE,420,EUR,EpicBet,gsheets
2025-08-20,2025-08-26,football,iceland,male,totals,Valur,Afturelding,under,1.75,0.61425,0.07493749999999993,NA,90,3.5,FALSE,-90,EUR,EpicBet,gsheets
2025-08-20,2025-08-26,football,iceland,male,outcome,Víkingur R.,Vestri,home,1.33,0.78225,0.04039250000000005,NA,105,NA,TRUE,35,EUR,EpicBet,gsheets
2025-08-20,2025-08-26,football,iceland,male,handicap,Víkingur R.,Vestri,home,1.87,0.61025,0.1411675,NA,150,-1.5,TRUE,131,EUR,EpicBet,gsheets
2025-08-20,2025-08-26,football,iceland,male,totals,Víkingur R.,Vestri,over,2.2,0.60425,0.32935000000000003,NA,240,3.5,TRUE,288,EUR,EpicBet,gsheets
2025-08-27,2025-08-27,basketball,international,male,totals,Czech Republic,Portugal,over,1.92,0.65875,0.9235499999999999,NA,1125,157.5,FALSE,-1125,EUR,CoolBet,gsheets
2025-08-27,2025-08-27,basketball,international,male,totals,Finland,Sweden,under,1.87,0.611,0.7535700000000001,NA,645,170.5,FALSE,-645,EUR,CoolBet,gsheets
2025-08-27,2025-08-27,basketball,international,male,outcome,Latvia,Turkey,home,1.89,0.68,0.9652000000000002,NA,1245,NA,FALSE,-1245,EUR,CoolBet,gsheets
2025-08-27,2025-08-27,basketball,international,male,handicap,Latvia,Turkey,home,2,0.6275,0.8824999999999998,NA,990,-1.5,FALSE,-990,EUR,CoolBet,gsheets
2025-08-27,2025-08-27,basketball,international,male,outcome,Montenegro,Germany,home,7.1,0.25875,1.0958749999999997,NA,540,NA,FALSE,-540,EUR,CoolBet,gsheets
2025-08-27,2025-08-27,basketball,international,male,handicap,Montenegro,Germany,home,1.92,0.6575,0.9198999999999999,NA,1110,14.5,FALSE,-1110,EUR,CoolBet,gsheets
2025-08-27,2025-08-27,basketball,international,male,totals,Montenegro,Germany,under,1.89,0.5975,0.7267750000000001,NA,570,169.5,FALSE,-570,EUR,CoolBet,gsheets
2025-08-27,2025-08-27,basketball,international,male,handicap,Serbia,Estonia,away,1.95,0.71375,1.1055625,NA,1605,-30.5,FALSE,-1605,EUR,CoolBet,gsheets
2025-08-27,2025-08-27,basketball,international,male,totals,Serbia,Estonia,under,1.91,0.7075,1.058825,NA,1500,169.5,TRUE,1365,EUR,CoolBet,gsheets
2025-08-27,2025-08-28,basketball,international,male,outcome,Belgium,France,home,10.5,0.227,1.6105,NA,570,NA,FALSE,-570,EUR,CoolBet,gsheets
2025-08-27,2025-08-28,basketball,international,male,handicap,Belgium,France,home,1.89,0.74525,1.1537724999999999,NA,1785,18.5,FALSE,-1785,EUR,CoolBet,gsheets
2025-08-27,2025-08-28,basketball,international,male,totals,Belgium,France,under,1.95,0.84525,1.4934874999999996,NA,2655,156.5,TRUE,2522,EUR,CoolBet,gsheets
2025-08-27,2025-08-28,basketball,international,male,outcome,Greece,Italy,away,3.03,0.6935,1.794805,NA,2115,NA,FALSE,-2115,EUR,CoolBet,gsheets
2025-08-27,2025-08-28,basketball,international,male,handicap,Greece,Italy,away,1.87,0.84425,1.4229975,NA,2595,-6.5,FALSE,-2595,EUR,CoolBet,gsheets
2025-08-27,2025-08-28,basketball,international,male,totals,Greece,Italy,under,1.91,0.7415,1.1577650000000002,NA,1785,163.5,TRUE,1624,EUR,CoolBet,gsheets
2025-08-27,2025-08-28,basketball,international,male,outcome,Israel,Iceland,away,5.3,0.30175,0.901025,NA,540,NA,FALSE,-540,EUR,CoolBet,gsheets
2025-08-27,2025-08-28,basketball,international,male,handicap,Israel,Iceland,away,1.92,0.642,0.87464,NA,990,-11.5,FALSE,-990,EUR,CoolBet,gsheets
2025-08-27,2025-08-28,basketball,international,male,totals,Israel,Iceland,under,1.95,0.57825,0.7058375,NA,525,166.5,TRUE,499,EUR,CoolBet,gsheets
2025-08-27,2025-08-28,basketball,international,male,totals,Poland,Slovenia,under,1.95,0.64875,0.9138125,NA,1095,175.5,FALSE,-1095,EUR,CoolBet,gsheets
2025-08-29,2025-08-29,basketball,international,male,handicap,Germany,Sweden,away,1.91,0.5995,0.7445450000000001,NA,465,-22.5,TRUE,423,EUR,CoolBet,gsheets
2025-08-29,2025-08-29,basketball,international,male,totals,Germany,Sweden,under,1.95,0.7505,1.2139749999999998,NA,1440,171.5,FALSE,-1440,EUR,CoolBet,gsheets
2025-08-29,2025-08-29,basketball,international,male,totals,Latvia,Estonia,under,1.91,0.66,0.9206,NA,840,168.5,TRUE,764,EUR,CoolBet,gsheets
2025-08-29,2025-08-29,basketball,international,male,totals,Lithuania,Montenegro,under,1.89,0.645,0.86405,NA,720,166.5,TRUE,641,EUR,CoolBet,gsheets
2025-08-29,2025-08-29,basketball,international,male,handicap,Portugal,Serbia,home,1.95,0.64675,0.9079125,NA,810,29.5,TRUE,770,EUR,CoolBet,gsheets
2025-08-29,2025-08-29,basketball,international,male,totals,Portugal,Serbia,under,1.92,0.7495,1.1885400000000002,NA,1410,165.5,TRUE,1297,EUR,CoolBet,gsheets
2025-08-29,2025-08-29,basketball,international,male,outcome,Turkey,Czech Republic,away,14.5,0.22825,2.537875,NA,510,NA,FALSE,-510,EUR,CoolBet,gsheets
2025-08-29,2025-08-29,basketball,international,male,handicap,Turkey,Czech Republic,away,1.91,0.8025,1.335275,NA,1725,-21.5,TRUE,1570,EUR,CoolBet,gsheets
2025-08-29,2025-08-29,basketball,international,male,totals,Turkey,Czech Republic,over,1.95,0.71275,1.1026125,NA,1215,159.5,TRUE,1154,EUR,CoolBet,gsheets
2025-08-29,2025-08-30,basketball,international,male,handicap,Cyprus,Greece,home,1.95,0.7625,1.249375,NA,1785,35.5,TRUE,1696,EUR,CoolBet,gsheets
2025-08-29,2025-08-30,basketball,international,male,totals,Cyprus,Greece,under,1.89,0.72175,1.0858575,NA,1425,158.5,TRUE,1268,EUR,CoolBet,gsheets
2025-08-29,2025-08-30,basketball,international,male,outcome,Czech Republic,Estonia,away,2,0.67475,1.0242499999999999,NA,1215,NA,TRUE,1215,EUR,CoolBet,gsheets
2025-08-29,2025-08-30,basketball,international,male,handicap,Czech Republic,Estonia,away,1.91,0.71175,1.0711925,NA,1380,-1.5,TRUE,1256,EUR,CoolBet,gsheets
2025-08-29,2025-08-30,basketball,international,male,totals,Czech Republic,Estonia,over,1.91,0.73325,1.1337574999999998,NA,1530,154.5,TRUE,1392,EUR,CoolBet,gsheets
2025-08-29,2025-08-30,basketball,international,male,outcome,Finland,Montenegro,home,1.47,0.74575,0.8420025000000001,NA,720,NA,TRUE,338,EUR,CoolBet,gsheets
2025-08-29,2025-08-30,basketball,international,male,handicap,Finland,Montenegro,home,1.96,0.60175,0.78118,NA,645,-5.5,TRUE,619,EUR,CoolBet,gsheets
2025-08-29,2025-08-30,basketball,international,male,outcome,France,Slovenia,away,7.1,0.293,1.3732999999999997,NA,615,NA,FALSE,-615,EUR,CoolBet,gsheets
2025-08-29,2025-08-30,basketball,international,male,handicap,France,Slovenia,away,1.89,0.7155,1.067795,NA,1380,-14.5,TRUE,1228,EUR,CoolBet,gsheets
2025-08-29,2025-08-30,basketball,international,male,totals,France,Slovenia,under,1.91,0.77725,1.2617975,NA,1860,176.5,FALSE,-1860,EUR,CoolBet,gsheets
2025-08-29,2025-08-30,basketball,international,male,handicap,Great Britain,Sweden,home,1.92,0.607,0.77244,NA,630,6.5,FALSE,-630,EUR,CoolBet,gsheets
2025-08-29,2025-08-30,basketball,international,male,totals,Great Britain,Sweden,under,1.89,0.79775,1.3054974999999998,NA,1980,165.5,TRUE,1762,EUR,CoolBet,gsheets
2025-08-29,2025-08-30,basketball,international,male,outcome,Great Britain,Sweden,home,3.1,0.4155,0.7035499999999999,NA,480,NA,FALSE,-480,EUR,CoolBet,gsheets
2025-08-29,2025-08-30,basketball,international,male,outcome,Iceland,Belgium,home,2.45,0.50775,0.7517375000000003,NA,585,NA,FALSE,-585,EUR,CoolBet,gsheets
2025-08-29,2025-08-30,basketball,international,male,handicap,Iceland,Belgium,home,1.89,0.60875,0.7592875,NA,585,3.5,FALSE,-585,EUR,CoolBet,gsheets
2025-08-29,2025-08-30,basketball,international,male,totals,Iceland,Belgium,under,1.92,0.66925,0.9542099999999999,NA,1080,155.5,TRUE,994,EUR,CoolBet,gsheets
2025-08-29,2025-08-30,basketball,international,male,totals,Italy,Georgia,under,1.91,0.58775,0.7103524999999999,NA,465,156.5,TRUE,423,EUR,CoolBet,gsheets
2025-08-29,2025-08-30,basketball,international,male,handicap,Latvia,Serbia,home,1.92,0.59625,0.7410499999999998,NA,555,12.5,TRUE,511,EUR,CoolBet,gsheets
2025-08-29,2025-08-30,basketball,international,male,totals,Lithuania,Germany,under,1.91,0.63275,0.8413025,NA,795,172.5,FALSE,-795,EUR,CoolBet,gsheets
2025-08-29,2025-08-30,basketball,international,male,outcome,Spain,Bosnia & Herzegovina,away,4.3,0.50675,1.6857750000000002,NA,1245,NA,FALSE,-1245,EUR,CoolBet,gsheets
2025-08-29,2025-08-30,basketball,international,male,handicap,Spain,Bosnia & Herzegovina,away,1.89,0.7665,1.2151849999999997,NA,1755,-9.5,FALSE,-1755,EUR,CoolBet,gsheets
2025-08-29,2025-08-30,basketball,international,male,totals,Spain,Bosnia & Herzegovina,over,1.92,0.60475,0.7658699999999999,NA,615,161.5,FALSE,-615,EUR,CoolBet,gsheets
2025-08-29,2025-08-30,basketball,international,male,outcome,Turkey,Portugal,away,10.5,0.267,2.0705,NA,660,NA,FALSE,-660,EUR,CoolBet,gsheets
2025-08-29,2025-08-30,basketball,international,male,handicap,Turkey,Portugal,away,1.92,0.76325,1.2286899999999998,NA,1755,-17.5,FALSE,-1755,EUR,CoolBet,gsheets
2025-08-29,2025-08-30,basketball,international,male,totals,Turkey,Portugal,under,1.95,0.67575,0.9934624999999998,NA,1170,159.5,TRUE,1112,EUR,CoolBet,gsheets
2025-08-31,2025-08-31,basketball,international,male,outcome,Bosnia & Herzegovina,Italy,home,6.7,0.309,1.3793,NA,645,NA,FALSE,-645,EUR,CoolBet,gsheets
2025-08-31,2025-08-31,basketball,international,male,handicap,Bosnia & Herzegovina,Italy,home,1.91,0.69525,1.0231775,NA,1230,13.5,FALSE,-1230,EUR,CoolBet,gsheets
2025-08-31,2025-08-31,basketball,international,male,handicap,Cyprus,Spain,home,1.95,0.67375,0.9875624999999998,NA,1125,35.5,FALSE,-1125,EUR,CoolBet,gsheets
2025-08-31,2025-08-31,basketball,international,male,totals,Cyprus,Spain,under,1.89,0.625,0.8062499999999999,NA,690,158.5,TRUE,614,EUR,CoolBet,gsheets
2025-08-31,2025-08-31,basketball,international,male,outcome,Georgia,Greece,home,6.4,0.41175,2.0469500000000003,NA,1035,NA,FALSE,-1035,EUR,CoolBet,gsheets
2025-08-31,2025-08-31,basketball,international,male,handicap,Georgia,Greece,home,1.96,0.76175,1.2547800000000002,NA,1755,12.5,FALSE,-1755,EUR,CoolBet,gsheets
2025-08-31,2025-08-31,basketball,international,male,totals,Georgia,Greece,under,1.89,0.59575,0.7217175,NA,480,157.5,TRUE,427,EUR,CoolBet,gsheets
2025-08-31,2025-08-31,basketball,international,male,outcome,Israel,France,home,7.1,0.31375,1.5413749999999997,NA,690,NA,TRUE,4209,EUR,CoolBet,gsheets
2025-08-31,2025-08-31,basketball,international,male,handicap,Israel,France,home,1.91,0.73625,1.1424874999999997,NA,1530,14.5,TRUE,1392,EUR,CoolBet,gsheets
2025-08-31,2025-08-31,basketball,international,male,totals,Israel,France,under,1.92,0.68575,1.0023899999999997,NA,1170,163.5,TRUE,1076,EUR,CoolBet,gsheets
2025-08-31,2025-08-31,basketball,international,male,outcome,Poland,Iceland,away,4.6,0.34975,0.9585999999999999,NA,585,NA,FALSE,-585,EUR,CoolBet,gsheets
2025-08-31,2025-08-31,basketball,international,male,handicap,Poland,Iceland,away,1.96,0.624,0.8470399999999999,NA,795,-9.5,TRUE,763,EUR,CoolBet,gsheets
2025-08-31,2025-08-31,basketball,international,male,outcome,Slovenia,Belgium,away,5.5,0.346,1.2489999999999997,NA,690,NA,FALSE,-690,EUR,CoolBet,gsheets
2025-08-31,2025-08-31,basketball,international,male,handicap,Slovenia,Belgium,away,1.95,0.681,1.00895,NA,1185,-11.5,FALSE,-1185,EUR,CoolBet,gsheets
2025-08-31,2025-08-31,basketball,international,male,totals,Slovenia,Belgium,under,1.87,0.84,1.4108,NA,2250,173.5,TRUE,1958,EUR,CoolBet,gsheets
2025-08-31,2025-09-01,basketball,international,male,outcome,Estonia,Turkey,home,11.5,0.28325,2.5406250000000004,NA,645,NA,FALSE,-645,EUR,CoolBet,gsheets
2025-08-31,2025-09-01,basketball,international,male,handicap,Estonia,Turkey,home,1.95,0.79225,1.3371374999999999,NA,1725,18.5,FALSE,-1725,EUR,CoolBet,gsheets
2025-08-31,2025-09-01,basketball,international,male,totals,Estonia,Turkey,under,1.89,0.67475,0.9500274999999998,NA,930,161.5,TRUE,828,EUR,CoolBet,gsheets
2025-08-31,2025-09-01,basketball,international,male,totals,Finland,Lithuania,over,1.85,0.73675,1.0997375,NA,1275,176.5,FALSE,-1275,EUR,CoolBet,gsheets
2025-08-31,2025-09-01,basketball,international,male,handicap,Germany,Great Britain,home,1.91,0.72675,1.1148425,NA,1275,-26.5,TRUE,1160,EUR,CoolBet,gsheets
2025-08-31,2025-09-01,basketball,international,male,totals,Germany,Great Britain,under,1.87,0.63575,0.8246025000000001,NA,645,176.5,FALSE,-645,EUR,CoolBet,gsheets
2025-08-31,2025-09-01,basketball,international,male,handicap,Latvia,Portugal,home,1.92,0.616,0.79872,NA,600,-15.5,TRUE,552,EUR,CoolBet,gsheets
2025-08-31,2025-09-01,basketball,international,male,totals,Latvia,Portugal,under,1.89,0.6705,0.9377449999999999,NA,900,157.5,TRUE,801,EUR,CoolBet,gsheets
2025-08-31,2025-09-01,basketball,international,male,handicap,Serbia,Czech Republic,home,1.95,0.61925,0.8267874999999999,NA,660,-25.5,FALSE,-660,EUR,CoolBet,gsheets
2025-08-31,2025-09-01,basketball,international,male,totals,Serbia,Czech Republic,over,1.92,0.79,1.3068,NA,1680,165.5,FALSE,-1680,EUR,CoolBet,gsheets
2025-08-31,2025-09-01,basketball,international,male,outcome,Sweden,Montenegro,home,2.05,0.57875,0.7651874999999998,NA,540,NA,FALSE,-540,EUR,CoolBet,gsheets
2025-08-31,2025-09-01,basketball,international,male,handicap,Sweden,Montenegro,home,1.95,0.6155,0.8157250000000001,NA,630,1.5,FALSE,-630,EUR,CoolBet,gsheets
2025-09-01,2025-09-02,basketball,international,male,handicap,Belgium,Israel,home,1.92,0.64025,0.8695299999999999,NA,645,11.5,FALSE,-645,EUR,CoolBet,gsheets
2025-09-01,2025-09-02,basketball,international,male,totals,Belgium,Israel,under,1.87,0.67725,0.9437075,NA,795,152.5,FALSE,-795,EUR,CoolBet,gsheets
2025-09-01,2025-09-02,basketball,international,male,handicap,Cyprus,Georgia,home,1.95,0.787,1.32165,NA,1470,27.5,FALSE,-1470,EUR,CoolBet,gsheets
2025-09-01,2025-09-02,basketball,international,male,outcome,Greece,Bosnia & Herzegovina,away,10.5,0.3735,3.29525,NA,810,NA,TRUE,7695,EUR,CoolBet,gsheets
2025-09-01,2025-09-02,basketball,international,male,handicap,Greece,Bosnia & Herzegovina,away,1.92,0.822,1.4002399999999997,NA,1635,-17.5,TRUE,1504,EUR,CoolBet,gsheets
2025-09-01,2025-09-02,basketball,international,male,totals,Greece,Bosnia & Herzegovina,over,1.87,0.667,0.9142900000000003,NA,735,159.5,FALSE,-735,EUR,CoolBet,gsheets
2025-09-01,2025-09-02,basketball,international,male,outcome,Italy,Spain,away,2.12,0.585,0.8251999999999999,NA,555,NA,FALSE,-555,EUR,CoolBet,gsheets
2025-09-01,2025-09-02,basketball,international,male,handicap,Italy,Spain,away,1.89,0.6605,0.9088449999999998,NA,735,-2.5,FALSE,-735,EUR,CoolBet,gsheets
2025-09-01,2025-09-02,basketball,international,male,totals,Poland,France,over,1.87,0.634,0.8195800000000001,NA,555,156.5,TRUE,483,EUR,CoolBet,gsheets
2025-09-02,2025-09-03,basketball,international,male,totals,Estonia,Portugal,under,1.87,0.84725,1.4316075000000001,NA,1755,149.5,TRUE,1527,EUR,CoolBet,gsheets
2025-09-02,2025-09-03,basketball,international,male,outcome,Finland,Germany,home,6.4,0.30625,1.2662500000000003,NA,465,NA,FALSE,-465,EUR,CoolBet,gsheets
2025-09-02,2025-09-03,basketball,international,male,handicap,Finland,Germany,home,1.87,0.679,0.9487300000000003,NA,810,13.5,FALSE,-810,EUR,CoolBet,gsheets
2025-09-02,2025-09-03,basketball,international,male,totals,Finland,Germany,over,1.95,0.723,1.13285,NA,1125,183.5,FALSE,-1125,EUR,CoolBet,gsheets
2025-09-02,2025-09-03,basketball,international,male,outcome,Latvia,Czech Republic,home,1.07,0.9575,0.9820250000000001,NA,915,NA,TRUE,64,EUR,CoolBet,gsheets
2025-09-02,2025-09-03,basketball,international,male,handicap,Latvia,Czech Republic,home,1.95,0.7115,1.098925,NA,1065,-16.5,TRUE,1012,EUR,CoolBet,gsheets
2025-09-02,2025-09-03,basketball,international,male,totals,Latvia,Czech Republic,over,1.95,0.705,1.0797499999999998,NA,1035,163.5,TRUE,983,EUR,CoolBet,gsheets
2025-09-02,2025-09-03,basketball,international,male,outcome,Lithuania,Sweden,home,1.23,0.85975,0.9172425,NA,645,NA,TRUE,148,EUR,CoolBet,gsheets
2025-09-02,2025-09-03,basketball,international,male,handicap,Lithuania,Sweden,home,1.85,0.681,0.9408500000000002,NA,795,-8.5,FALSE,-795,EUR,CoolBet,gsheets
2025-09-02,2025-09-03,basketball,international,male,totals,Montenegro,Great Britain,under,1.87,0.63225,0.8145575,NA,540,159.5,FALSE,-540,EUR,CoolBet,gsheets
2025-09-02,2025-09-03,basketball,international,male,outcome,Turkey,Serbia,away,1.45,0.795,0.94775,NA,885,NA,FALSE,-885,EUR,CoolBet,gsheets
2025-09-02,2025-09-03,basketball,international,male,handicap,Turkey,Serbia,away,1.95,0.66225,0.9536374999999999,NA,795,5.5,FALSE,-795,EUR,CoolBet,gsheets
2025-09-02,2025-09-03,basketball,international,male,totals,Turkey,Serbia,over,1.89,0.71175,1.0569574999999998,NA,1005,161.5,TRUE,894,EUR,CoolBet,gsheets
2025-09-10,2025-09-11,handball,iceland,male,outcome,HK,Afturelding,away,1.55,0.734,0.1377,NA,840,NA,TRUE,462,EUR,CoolBet,gsheets
2025-09-10,2025-09-11,handball,iceland,male,handicap,HK,Afturelding,away,1.95,0.584,0.13879999999999992,NA,495,2.5,TRUE,470,EUR,CoolBet,gsheets
2025-09-10,2025-09-11,handball,iceland,male,totals,ÍR,Selfoss,over,1.9,0.67575,0.28392499999999987,NA,1065,60.5,TRUE,958,EUR,EpicBet,gsheets
2025-09-11,2025-09-12,handball,denmark,male,outcome,Fredericia,Skanderborg AGF,home,1.8,0.62875,0.13175000000000003,NA,225,NA,FALSE,-225,EUR,EpicBet,gsheets
2025-09-11,2025-09-12,handball,denmark,male,handicap,Fredericia,Skanderborg AGF,home,2.1,0.55275,0.160775,NA,195,-1.5,FALSE,-195,EUR,EpicBet,gsheets
2025-09-11,2025-09-12,handball,denmark,male,totals,Fredericia,Skanderborg AGF,under,1.95,0.60425,0.17828749999999993,NA,255,58.5,FALSE,-255,EUR,EpicBet,gsheets
2025-09-11,2025-09-12,handball,denmark,male,outcome,HOJ,Ringsted,away,3.75,0.45425,0.7034374999999999,NA,345,NA,FALSE,-345,EUR,EpicBet,gsheets
2025-09-11,2025-09-12,handball,denmark,male,handicap,HOJ,Ringsted,away,1.9,0.697,0.3242999999999998,NA,495,-2.5,FALSE,-495,EUR,EpicBet,gsheets
2025-09-11,2025-09-12,handball,denmark,male,totals,HOJ,Ringsted,over,1.87,0.711,0.32957000000000003,NA,510,58.5,TRUE,444,EUR,EpicBet,gsheets
2025-09-11,2025-09-12,handball,denmark,male,outcome,Mors,Sonderjyske,home,1.91,0.68525,0.30882750000000003,NA,465,NA,TRUE,423,EUR,EpicBet,gsheets
2025-09-11,2025-09-12,handball,denmark,male,handicap,Mors,Sonderjyske,home,2.35,0.60725,0.42703749999999996,NA,435,-1.5,TRUE,587,EUR,EpicBet,gsheets
2025-09-11,2025-09-12,handball,denmark,female,totals,Ringkobing,EH Aalborg,over,1.75,0.74475,0.3033125000000001,NA,540,55.5,TRUE,405,EUR,EpicBet,gsheets
2025-09-11,2025-09-12,handball,denmark,female,totals,Sonderjyske,Viborg,under,1.97,0.677,0.33369000000000004,NA,465,61.5,TRUE,451,EUR,EpicBet,gsheets
2025-09-10,2025-09-12,handball,iceland,male,totals,ÍBV,Stjarnan,over,1.85,0.60775,0.1243375000000001,NA,495,58.5,TRUE,421,EUR,EpicBet,gsheets
2025-09-10,2025-09-12,handball,iceland,male,outcome,KA,Haukar,away,1.75,0.67875,0.18781249999999994,NA,840,NA,TRUE,630,EUR,CoolBet,gsheets
2025-09-10,2025-09-12,handball,iceland,male,handicap,KA,Haukar,away,1.9,0.608,0.1551999999999999,NA,585,1.5,FALSE,-585,EUR,CoolBet,gsheets
2025-09-12,2025-09-12,handball,iceland,male,totals,Víkingur,Fjölnir,under,1.85,0.72675,0.34448750000000006,NA,1365,58.5,FALSE,-1365,EUR,CoolBet,gsheets
2025-09-11,2025-09-13,handball,denmark,male,handicap,Aalborg,GOG,away,1.83,0.64775,0.18538250000000012,NA,300,-5.5,FALSE,-300,EUR,EpicBet,gsheets
2025-09-11,2025-09-13,handball,denmark,male,totals,Aalborg,GOG,over,1.87,0.7105,0.3286350000000001,NA,510,63.5,TRUE,444,EUR,EpicBet,gsheets
2025-09-10,2025-09-13,handball,iceland,male,outcome,Fram,Þór,home,1.4,0.934,0.3076,NA,2595,NA,TRUE,1038,EUR,EpicBet,gsheets
2025-09-10,2025-09-13,handball,iceland,male,handicap,Fram,Þór,home,1.85,0.8355,0.5456750000000001,NA,2175,-3.5,TRUE,1849,EUR,EpicBet,gsheets
2025-09-10,2025-09-13,handball,iceland,male,totals,Fram,Þór,over,1.9,0.763,0.4497,NA,1695,57.5,TRUE,1525,EUR,EpicBet,gsheets
2025-09-14,2025-09-14,handball,denmark,male,totals,Holstebro,Skjern,over,1.95,0.598,0.16609999999999991,NA,240,60.5,FALSE,-240,EUR,EpicBet,gsheets
2025-09-14,2025-09-14,handball,france,male,outcome,Nantes,Toulouse,home,1.17,0.91075,0.06557749999999987,NA,525,NA,TRUE,89,EUR,EpicBet,gsheets
2025-09-14,2025-09-14,handball,france,male,handicap,Nantes,Toulouse,home,1.8,0.6945,0.2501,NA,420,-4.5,TRUE,336,EUR,EpicBet,gsheets
2025-09-16,2025-09-17,handball,germany,male,outcome,Ludwigshafen,Dessauer,home,1.73,0.66775,0.1552074999999999,NA,285,NA,FALSE,-285,EUR,EpicBet,gsheets
2025-09-16,2025-09-17,handball,germany,male,handicap,Ludwigshafen,Dessauer,home,2,0.594,0.18799999999999994,NA,255,-1.5,FALSE,-255,EUR,CoolBet,gsheets
2025-09-16,2025-09-18,handball,denmark,male,outcome,Skanderborg AGF,HOJ,home,1.5,0.81025,0.21537500000000004,NA,870,NA,TRUE,435,EUR,EpicBet,gsheets
2025-09-16,2025-09-18,handball,denmark,male,totals,Skanderborg AGF,HOJ,over,1.87,0.5805,0.08553500000000014,NA,195,57.5,TRUE,170,EUR,EpicBet,gsheets
2025-09-16,2025-09-18,handball,germany,male,outcome,Stuttgart,Goppingen,away,5,0.3505,0.7525,NA,255,NA,FALSE,-255,EUR,EpicBet,gsheets
2025-09-16,2025-09-18,handball,germany,male,totals,Stuttgart,Goppingen,over,1.88,0.6225,0.1703,NA,255,56.5,FALSE,-255,EUR,EpicBet,gsheets
2025-09-17,2025-09-18,handball,iceland,male,outcome,Afturelding,KA,home,1.5,0.86875,0.30312500000000003,NA,2580,NA,TRUE,1290,EUR,CoolBet,gsheets
2025-09-17,2025-09-18,handball,iceland,male,handicap,Afturelding,KA,home,1.9,0.757,0.4382999999999999,NA,2085,-2.5,TRUE,1876,EUR,EpicBet,gsheets
2025-09-17,2025-09-18,handball,iceland,male,outcome,FH,ÍBV,home,1.95,0.76075,0.4834625,NA,2175,NA,TRUE,2066,EUR,EpicBet,gsheets
2025-09-17,2025-09-18,handball,iceland,male,handicap,FH,ÍBV,home,2.2,0.69575,0.5306500000000001,NA,1890,-1.5,TRUE,2268,EUR,CoolBet,gsheets
2025-09-17,2025-09-18,handball,iceland,male,outcome,Haukar,ÍR,home,1.33,0.914,0.2156200000000001,NA,2790,NA,TRUE,921,EUR,EpicBet,gsheets
2025-09-17,2025-09-18,handball,iceland,male,handicap,Haukar,ÍR,home,1.9,0.7355,0.39744999999999997,NA,1890,-4.5,TRUE,1701,EUR,EpicBet,gsheets
2025-09-18,2025-09-19,handball,denmark,male,totals,GOG,Grindsted,over,1.89,0.6025,0.138725,NA,210,60.5,TRUE,187,EUR,EpicBet,gsheets
2025-09-18,2025-09-19,handball,denmark,male,totals,Sonderjyske,Holstebro,over,1.75,0.63,0.10250000000000004,NA,180,60.5,FALSE,-180,EUR,EpicBet,gsheets
2025-09-18,2025-09-19,handball,france,male,totals,Cesson Rennes-Metropole,Aix,under,1.87,0.652,0.2192400000000001,NA,345,60.5,TRUE,300,EUR,EpicBet,gsheets
2025-09-18,2025-09-19,handball,france,male,outcome,Cherbourg,Creteil,away,1.67,0.69725,0.16440749999999998,NA,330,NA,TRUE,221,EUR,EpicBet,gsheets
2025-09-18,2025-09-19,handball,france,male,outcome,Frontignan,Cournon d'Auvergne,home,1.44,0.7515,0.0821599999999999,NA,255,NA,FALSE,-255,EUR,EpicBet,gsheets
2025-09-18,2025-09-19,handball,france,male,outcome,Saintes,Massy Essonne,home,2.1,0.6925,0.45425000000000004,NA,555,NA,TRUE,610,EUR,EpicBet,gsheets
2025-09-18,2025-09-19,handball,france,male,totals,Saintes,Massy Essonne,under,1.85,0.5975,0.10537500000000011,NA,165,59.5,FALSE,-165,EUR,EpicBet,gsheets
2025-09-18,2025-09-19,handball,france,male,totals,Tremblay,Dijon,over,1.87,0.6085,0.1378950000000001,NA,210,57.5,TRUE,183,EUR,EpicBet,gsheets
2025-09-18,2025-09-19,handball,france,male,outcome,Valence,Pau Billere,away,2.75,0.48925,0.34543749999999995,NA,270,NA,TRUE,473,EUR,EpicBet,gsheets
2025-09-16,2025-09-19,handball,germany,male,outcome,Hamburg,Lemgo,away,2.75,0.555,0.5262500000000001,NA,405,NA,FALSE,-405,EUR,EpicBet,gsheets
2025-09-16,2025-09-19,handball,germany,male,outcome,Minden,Gummersbach,away,1.25,0.88625,0.10781249999999998,NA,585,NA,TRUE,146,EUR,EpicBet,gsheets
2025-09-17,2025-09-19,handball,iceland,male,outcome,Selfoss,Fram,away,1.4,0.848,0.18719999999999987,NA,1995,NA,FALSE,-1995,EUR,CoolBet,gsheets
2025-09-17,2025-09-19,handball,iceland,male,handicap,Selfoss,Fram,away,1.95,0.6745,0.31527499999999997,NA,1410,3.5,FALSE,-1410,EUR,CoolBet,gsheets
2025-09-17,2025-09-19,handball,iceland,male,totals,Selfoss,Fram,over,1.9,0.66525,0.26397499999999996,NA,1245,61.5,TRUE,1120,EUR,EpicBet,gsheets
2025-09-17,2025-09-19,handball,iceland,male,totals,Stjarnan,HK,under,1.9,0.58975,0.120525,NA,570,58.5,TRUE,513,EUR,EpicBet,gsheets
2025-09-17,2025-09-19,handball,iceland,male,outcome,Þór,Valur,away,1.4,0.819,0.14659999999999984,NA,1560,NA,TRUE,624,EUR,EpicBet,gsheets
2025-09-17,2025-09-19,handball,iceland,male,handicap,Þór,Valur,away,1.9,0.641,0.21789999999999998,NA,1035,3.5,FALSE,-1035,EUR,CoolBet,gsheets
2025-09-17,2025-09-19,handball,iceland,male,totals,Þór,Valur,over,1.9,0.64575,0.22692500000000004,NA,1080,58.5,FALSE,-1080,EUR,EpicBet,gsheets
2025-09-18,2025-09-19,handball,spain,male,totals,Nava,Morrazo Cangas,over,1.85,0.7355,0.3606750000000002,NA,570,60.5,TRUE,485,EUR,EpicBet,gsheets
2025-09-20,2025-09-20,handball,austria,male,outcome,Handball Tirol,Fuchse,home,1.5,0.72375,0.085625,NA,225,NA,TRUE,112,EUR,EpicBet,gsheets
2025-09-20,2025-09-20,handball,austria,male,totals,Handball Tirol,Fuchse,over,1.85,0.6785,0.25522500000000004,NA,405,59.5,TRUE,344,EUR,EpicBet,gsheets
2025-09-20,2025-09-20,handball,czech republic,male,totals,Jicin,Strakonice,over,1.95,0.60075,0.17146249999999996,NA,240,60.5,FALSE,-240,EUR,EpicBet,gsheets
2025-09-20,2025-09-20,handball,czech republic,male,outcome,Karvina,Brno,home,1.06,0.962,0.019720000000000015,NA,450,NA,TRUE,27,EUR,EpicBet,gsheets
2025-09-20,2025-09-20,handball,czech republic,male,handicap,Karvina,Brno,home,1.87,0.65475,0.22438250000000015,NA,345,-7.5,FALSE,-345,EUR,EpicBet,gsheets
2025-09-20,2025-09-20,handball,czech republic,male,totals,Koprivnice,Plzen,under,1.83,0.60225,0.10211749999999997,NA,165,57.5,TRUE,137,EUR,EpicBet,gsheets
2025-09-20,2025-09-20,handball,czech republic,male,outcome,Lovosice,Frydek-Mistek,home,1.3,0.82375,0.07087500000000002,NA,315,NA,NA,NA,EUR,EpicBet,gsheets
2025-09-20,2025-09-20,handball,czech republic,male,handicap,Lovosice,Frydek-Mistek,home,1.91,0.62525,0.1942274999999999,NA,285,-3.5,NA,NA,EUR,EpicBet,gsheets
2025-09-20,2025-09-20,handball,czech republic,male,totals,Lovosice,Frydek-Mistek,over,1.87,0.74925,0.4010975,NA,630,59.5,NA,NA,EUR,EpicBet,gsheets
2025-09-20,2025-09-20,handball,czech republic,male,outcome,Nove Veseli,Zubri,home,2.38,0.5565,0.3244699999999999,NA,315,NA,FALSE,-315,EUR,EpicBet,gsheets
2025-09-20,2025-09-20,handball,czech republic,male,handicap,Nove Veseli,Zubri,home,1.6,0.708,0.13280000000000003,NA,300,1.5,FALSE,-300,EUR,EpicBet,gsheets
2025-09-20,2025-09-20,handball,czech republic,male,totals,Nove Veseli,Zubri,under,1.65,0.68925,0.1372625,NA,285,58.5,TRUE,185,EUR,EpicBet,gsheets
2025-09-20,2025-09-20,handball,denmark,male,outcome,HC Kobenhavn,Lemvig,home,2.1,0.5805,0.21905000000000008,NA,270,NA,FALSE,-270,EUR,EpicBet,gsheets
2025-09-20,2025-09-20,handball,denmark,male,outcome,Kolding,Norddjurs,home,1.17,0.931,0.08926999999999999,NA,705,NA,TRUE,120,EUR,EpicBet,gsheets
2025-09-20,2025-09-20,handball,denmark,male,handicap,Kolding,Norddjurs,home,1.83,0.69125,0.26498750000000015,NA,435,-5.5,FALSE,-435,EUR,EpicBet,gsheets
2025-09-18,2025-09-20,handball,denmark,male,outcome,Ringsted,Ribe-Esbjerg,home,2.6,0.5705,0.48330000000000006,NA,405,NA,FALSE,-405,EUR,EpicBet,gsheets
2025-09-20,2025-09-20,handball,finland,male,outcome,GrIFK,SIF,home,3.4,0.80525,1.73785,NA,975,NA,TRUE,2340,EUR,EpicBet,gsheets
2025-09-20,2025-09-20,handball,france,male,handicap,Montpellier,Chambery Savoie,away,1.83,0.67275,0.23113249999999996,NA,375,-5.5,FALSE,-375,EUR,EpicBet,gsheets
2025-09-20,2025-09-20,handball,germany,male,outcome,Dormagen,Ludwigshafen,home,1.67,0.6725,0.12307499999999993,NA,255,NA,FALSE,-255,EUR,EpicBet,gsheets
2025-09-20,2025-09-20,handball,germany,male,handicap,Dormagen,Ludwigshafen,home,1.95,0.597,0.1641499999999999,NA,240,-1.5,FALSE,-240,EUR,EpicBet,gsheets
2025-09-20,2025-09-20,handball,germany,male,outcome,Eisenach,HSG Wetzlar,home,1.6,0.75,0.20000000000000007,NA,450,NA,TRUE,270,EUR,EpicBet,gsheets
2025-09-20,2025-09-20,handball,germany,male,handicap,Eisenach,HSG Wetzlar,home,1.85,0.6765,0.251525,NA,405,-1.5,TRUE,344,EUR,EpicBet,gsheets
2025-09-20,2025-09-20,handball,germany,male,totals,Eisenach,HSG Wetzlar,under,1.83,0.6135,0.12270500000000018,NA,195,57.5,TRUE,162,EUR,EpicBet,gsheets
2025-09-20,2025-09-20,handball,germany,male,outcome,Krefeld,Essen,home,2,0.78525,0.5705,NA,765,NA,FALSE,-765,EUR,EpicBet,gsheets
2025-09-20,2025-09-20,handball,germany,male,totals,Krefeld,Essen,over,1.8,0.83025,0.49445000000000017,NA,840,58.5,TRUE,672,EUR,EpicBet,gsheets
2025-09-20,2025-09-20,handball,germany,male,outcome,Oppenweiler/Backnang,Ferndorf,home,3.5,0.503,0.7605000000000001,NA,405,NA,FALSE,-405,EUR,EpicBet,gsheets
2025-09-20,2025-09-20,handball,germany,male,handicap,Oppenweiler/Backnang,Ferndorf,home,1.95,0.63775,0.2436125,NA,345,1.5,FALSE,-345,EUR,EpicBet,gsheets
2025-09-20,2025-09-20,handball,germany,male,totals,Oppenweiler/Backnang,Ferndorf,under,1.83,0.7355,0.3459650000000001,NA,570,52.5,FALSE,-570,EUR,EpicBet,gsheets
2025-09-20,2025-09-20,handball,hungary,male,totals,Csurgoi,NEKA,under,1.85,0.67375,0.24643749999999998,NA,390,57.5,TRUE,332,EUR,EpicBet,gsheets
2025-09-20,2025-09-20,handball,hungary,male,totals,Komloi,Ferencvaros,over,1.95,0.6315,0.23142499999999988,NA,330,61.5,TRUE,314,EUR,EpicBet,gsheets
2025-09-20,2025-09-20,handball,poland,male,outcome,Chrobry Glogow,Zaglebie,home,1.25,0.884,0.10500000000000001,NA,570,NA,TRUE,143,EUR,EpicBet,gsheets
2025-09-20,2025-09-20,handball,poland,male,handicap,Chrobry Glogow,Zaglebie,home,2,0.65475,0.3095000000000001,NA,420,-4.5,FALSE,-420,EUR,EpicBet,gsheets
2025-09-20,2025-09-20,handball,poland,male,totals,Chrobry Glogow,Zaglebie,over,1.8,0.6515,0.17269999999999996,NA,285,58.5,FALSE,-285,EUR,EpicBet,gsheets
2025-09-18,2025-09-20,handball,spain,male,outcome,Caserio Ciudad Real,Cuenca,away,2.25,0.5305,0.19362499999999994,NA,210,NA,FALSE,-210,EUR,EpicBet,gsheets
2025-09-18,2025-09-20,handball,spain,male,outcome,Huesca,Villa de Aranda,home,2,0.61875,0.23750000000000004,NA,315,NA,TRUE,315,EUR,EpicBet,gsheets
2025-09-20,2025-09-20,handball,sweden,male,outcome,Malmo,Skovde,home,2,0.59275,0.1855,NA,255,NA,TRUE,255,EUR,EpicBet,gsheets
2025-09-20,2025-09-20,handball,sweden,male,totals,Malmo,Skovde,under,1.83,0.6495,0.188585,NA,300,59.5,TRUE,249,EUR,EpicBet,gsheets
2025-09-20,2025-09-20,handball,sweden,male,outcome,Savehof,Hallby,home,1.3,0.817,0.06209999999999996,NA,285,NA,FALSE,-285,EUR,EpicBet,gsheets
2025-09-20,2025-09-20,handball,sweden,male,totals,Tyreso,Drott,over,1.77,0.754,0.33458,NA,585,58.5,TRUE,450,EUR,EpicBet,gsheets
2025-09-21,2025-09-21,football,iceland,male,totals,ÍBV,Afturelding,under,1.57,0.693,0.08800999999999998,NA,135,3.5,TRUE,77,EUR,EpicBet,gsheets
2025-09-21,2025-09-21,football,iceland,male,totals,KA,KR,over,1.82,0.57675,0.049685000000000035,NA,60,3.5,TRUE,49,EUR,EpicBet,gsheets
2025-09-21,2025-09-21,football,iceland,male,outcome,Stjarnan,FH,home,2.3,0.5635,0.2960499999999999,NA,210,NA,FALSE,-210,EUR,EpicBet,gsheets
2025-09-21,2025-09-21,football,iceland,male,totals,Stjarnan,FH,over,2.2,0.51625,0.13575000000000004,NA,105,3.5,FALSE,-105,EUR,EpicBet,gsheets
2025-09-21,2025-09-21,football,iceland,male,handicap,Víkingur R.,Fram,away,1.8,0.59875,0.07775000000000004,NA,90,-1.5,TRUE,72,EUR,EpicBet,gsheets
2025-09-21,2025-09-21,football,iceland,male,totals,Víkingur R.,Fram,under,1.82,0.6305,0.14750999999999992,NA,165,3.5,TRUE,135,EUR,EpicBet,gsheets
2025-09-21,2025-09-21,football,iceland,male,outcome,Stjarnan,FH,home,2.18,0.5635,0.22843000000000013,NA,230,NA,FALSE,-230,ISK,Lengjan,gsheets
2025-09-20,2025-09-21,handball,austria,male,outcome,Voslauer,Aon Fivers,away,2.8,0.44475,0.24529999999999985,NA,180,NA,TRUE,324,EUR,EpicBet,gsheets
2025-09-21,2025-09-21,handball,denmark,male,outcome,Skjern,Aalborg,home,3.85,0.449,0.7286500000000002,NA,304,NA,FALSE,-304,ISK,Lengjan,gsheets
2025-09-20,2025-09-21,handball,france,male,outcome,Nantes,Istres,home,1.04,0.9695,0.008280000000000065,NA,285,NA,TRUE,11,EUR,EpicBet,gsheets
2025-09-20,2025-09-21,handball,france,male,handicap,Nantes,Istres,home,1.8,0.658,0.18440000000000012,NA,315,-7.5,FALSE,-315,EUR,EpicBet,gsheets
2025-09-20,2025-09-21,handball,germany,male,outcome,Bergischer,Flensburg-H.,home,13,0.22075,1.86975,NA,210,NA,FALSE,-210,EUR,EpicBet,gsheets
2025-09-20,2025-09-21,handball,germany,male,handicap,Bergischer,Flensburg-H.,home,1.85,0.805,0.4892500000000002,NA,780,7.5,FALSE,-780,EUR,EpicBet,gsheets
2025-09-20,2025-09-21,handball,germany,male,outcome,Dessauer,Nordhorn-Lingen,home,1.6,0.7095,0.1352000000000001,NA,300,NA,FALSE,-300,EUR,EpicBet,gsheets
2025-09-20,2025-09-21,handball,germany,male,totals,Hannover-Burgdorf,Rhein-Neckar,under,1.83,0.62125,0.13688749999999994,NA,225,61.5,TRUE,187,EUR,EpicBet,gsheets
2025-09-20,2025-09-21,handball,germany,male,handicap,Leipzig,Kiel,home,1.93,0.5865,0.13194499999999998,NA,195,3.5,FALSE,-195,EUR,EpicBet,gsheets
2025-09-20,2025-09-21,handball,germany,male,outcome,Dessauer,Nordhorn-Lingen,home,1.63,0.7455,0.215165,NA,203,NA,FALSE,-203,ISK,Lengjan,gsheets
2025-09-20,2025-09-21,handball,hungary,male,outcome,Balatonfuredi,Budai Farkasok,home,1.17,0.93575,0.0948274999999999,NA,750,NA,FALSE,-750,EUR,EpicBet,gsheets
2025-09-20,2025-09-21,handball,hungary,male,handicap,Balatonfuredi,Budai Farkasok,home,2,0.69875,0.39749999999999996,NA,540,-5.5,FALSE,-540,EUR,EpicBet,gsheets
2025-09-20,2025-09-21,handball,hungary,male,totals,Balatonfuredi,Budai Farkasok,over,1.87,0.81725,0.5282575000000002,NA,825,56.5,TRUE,718,EUR,EpicBet,gsheets
2025-09-20,2025-09-21,handball,spain,male,outcome,Ademar,Granollers,home,2.52,0.6365,0.6039799999999999,NA,237,NA,FALSE,-237,ISK,Lengjan,gsheets
2025-09-21,2025-09-21,handball,spain,male,outcome,Torrelavega,La Rioja,away,2.83,0.5525,0.5635749999999999,NA,367,NA,FALSE,-367,ISK,Lengjan,gsheets
2025-09-21,2025-09-22,football,iceland,male,outcome,Valur,Breiðablik,home,2.25,0.536,0.20600000000000007,NA,150,NA,FALSE,-150,EUR,EpicBet,gsheets
2025-09-21,2025-09-22,football,iceland,male,handicap,Valur,Breiðablik,home,2.2,0.536,0.17920000000000014,NA,135,-0.5,FALSE,-135,EUR,EpicBet,gsheets
2025-09-20,2025-09-22,handball,sweden,male,outcome,Helsingborg,Kristianstad,home,3.4,0.5015,0.7050999999999997,NA,390,NA,FALSE,-390,EUR,EpicBet,gsheets
2025-09-20,2025-09-22,handball,sweden,male,outcome,Onnereds,Alingsas,home,2.1,0.656,0.37760000000000016,NA,465,NA,FALSE,-465,EUR,EpicBet,gsheets
2025-09-22,2025-09-22,handball,sweden,male,outcome,Ystads IF,Karlskrona,home,1.33,0.8465,0.1258450000000001,NA,510,NA,TRUE,168,EUR,EpicBet,gsheets
2025-09-22,2025-09-22,handball,sweden,male,handicap,Ystads IF,Karlskrona,home,1.91,0.6935,0.3245849999999999,NA,480,-3.5,TRUE,437,EUR,EpicBet,gsheets
2025-09-21,2025-09-22,handball,sweden,male,outcome,Helsingborg,Kristianstad,home,3.16,0.5375,0.6985,NA,385,NA,FALSE,-385,ISK,Lengjan,gsheets
2025-09-20,2025-09-22,handball,sweden,male,outcome,Onnereds,Alingsas,home,2.04,0.68925,0.40607000000000004,NA,232,NA,FALSE,-232,ISK,Lengjan,gsheets
2025-09-20,2025-09-22,handball,sweden,male,outcome,Ystads IF,Karlskrona,home,1.39,0.866,0.20373999999999992,NA,311,NA,TRUE,121,ISK,Lengjan,gsheets
2025-09-24,2025-09-24,handball,france,female,handicap,Brest Bretagne,Achenheim Truchtersheim,home,1.73,0.80625,0.3948125,NA,735,-11.5,TRUE,537,EUR,EpicBet,gsheets
2025-09-24,2025-09-24,handball,france,female,totals,Brest Bretagne,Achenheim Truchtersheim,under,1.85,0.67625,0.2510625000000001,NA,405,54.5,FALSE,-405,EUR,EpicBet,gsheets
2025-09-23,2025-09-24,handball,france,female,totals,Chambray Touraine,Nice,over,1.75,0.6475,0.13312499999999994,NA,240,55.5,FALSE,-240,EUR,EpicBet,gsheets
2025-09-24,2025-09-24,handball,france,female,outcome,Havre,Sambre Avesnois,home,3.5,0.5215,0.8252499999999999,NA,450,NA,FALSE,-450,EUR,EpicBet,gsheets
2025-09-24,2025-09-24,handball,france,female,handicap,Havre,Sambre Avesnois,home,2.05,0.646,0.3242999999999999,NA,420,1.5,FALSE,-420,EUR,EpicBet,gsheets
2025-09-23,2025-09-24,handball,iceland,female,outcome,ÍR,Valur,home,5.5,0.306,0.683,NA,1185,NA,FALSE,-1185,EUR,CoolBet,gsheets
2025-09-23,2025-09-24,handball,iceland,female,handicap,ÍR,Valur,home,1.9,0.70925,0.3475750000000001,NA,3000,5.5,FALSE,-3000,EUR,EpicBet,gsheets
2025-09-23,2025-09-24,handball,iceland,female,totals,ÍR,Valur,over,1.9,0.5695,0.08204999999999996,NA,705,49.5,TRUE,634,EUR,CoolBet,gsheets
2025-09-23,2025-09-24,handball,iceland,female,outcome,Selfoss,KA/Þór,home,1.9,0.67325,0.27917499999999995,NA,2415,NA,FALSE,-2415,EUR,CoolBet,gsheets
2025-09-23,2025-09-24,handball,iceland,female,handicap,Selfoss,KA/Þór,home,2.3,0.60825,0.39897499999999975,NA,2385,-1.5,FALSE,-2385,EUR,CoolBet,gsheets
2025-09-23,2025-09-24,handball,iceland,female,totals,Selfoss,KA/Þór,over,1.85,0.68125,0.26031250000000006,NA,2385,48.5,TRUE,2027,EUR,EpicBet,gsheets
2025-09-22,2025-09-24,handball,poland,female,outcome,Galychanka Lviv,Ruch Chorzow,home,2.8,0.59775,0.6737,NA,510,NA,TRUE,918,EUR,EpicBet,gsheets
2025-09-24,2025-09-24,handball,sweden,female,outcome,Kristianstad,Aranas,home,1.67,0.71675,0.19697249999999994,NA,405,NA,FALSE,-405,EUR,EpicBet,gsheets
2025-09-24,2025-09-24,handball,sweden,female,handicap,Kristianstad,Aranas,home,1.95,0.6595,0.286025,NA,405,-1.5,FALSE,-405,EUR,EpicBet,gsheets
2025-09-24,2025-09-24,handball,sweden,female,totals,Kristianstad,Aranas,over,1.87,0.68,0.2716000000000002,NA,420,55.5,FALSE,-420,EUR,EpicBet,gsheets
2025-09-24,2025-09-24,handball,sweden,female,totals,Skuru,Skovde,under,1.97,0.676,0.3317200000000001,NA,465,55.5,TRUE,451,EUR,EpicBet,gsheets
2025-09-22,2025-09-24,handball,sweden,male,outcome,Vasteras Irsta HF,Guif,away,2.75,0.47925,0.3179375,NA,240,NA,FALSE,-240,EUR,EpicBet,gsheets
2025-09-24,2025-09-24,handball,sweden,male,totals,Vasteras Irsta HF,Guif,over,1.8,0.65775,0.18394999999999995,NA,315,57.5,FALSE,-315,EUR,EpicBet,gsheets
2025-09-23,2025-09-25,handball,germany,male,outcome,Gummersbach,Stuttgart,home,1.3,0.90625,0.17812500000000003,NA,810,NA,TRUE,243,EUR,EpicBet,gsheets
2025-09-23,2025-09-25,handball,germany,male,handicap,Gummersbach,Stuttgart,home,1.88,0.76,0.42879999999999996,NA,660,-3.5,TRUE,581,EUR,EpicBet,gsheets
2025-09-23,2025-09-25,handball,germany,male,totals,Kiel,Minden,over,1.88,0.59275,0.11436999999999997,NA,180,60.5,FALSE,-180,EUR,EpicBet,gsheets
2025-09-23,2025-09-25,handball,germany,male,outcome,Lemgo,Bergischer,home,1.13,0.932,0.05315999999999996,NA,555,NA,TRUE,72,EUR,EpicBet,gsheets
2025-09-23,2025-09-25,handball,germany,male,handicap,Lemgo,Bergischer,home,1.88,0.6965,0.3094199999999999,NA,480,-5.5,FALSE,-480,EUR,EpicBet,gsheets
2025-09-23,2025-09-25,handball,iceland,male,outcome,Fram,Haukar,home,2.5,0.519,0.2975,NA,1545,NA,FALSE,-1545,EUR,CoolBet,gsheets
2025-09-23,2025-09-25,handball,iceland,male,handicap,Fram,Haukar,home,1.74,0.67375,0.17232499999999995,NA,1815,1.5,FALSE,-1815,EUR,CoolBet,gsheets
2025-09-23,2025-09-25,handball,iceland,male,totals,Fram,Haukar,over,1.9,0.656,0.24639999999999995,NA,2130,61.5,FALSE,-2130,EUR,CoolBet,gsheets
2025-09-25,2025-09-25,handball,iceland,male,handicap,Fram,Haukar,home,1.8,0.5905,0.06290000000000007,NA,60,0.5,FALSE,-60,EUR,Bet365,gsheets
2025-09-25,2025-09-25,handball,iceland,male,totals,Fram,Haukar,over,1.85,0.70675,0.3074875,NA,270,60.5,FALSE,-270,EUR,Bet365,gsheets
2025-09-25,2025-09-25,handball,iceland,female,totals,Grótta,HK,over,1.85,0.76375,0.4129375000000002,NA,1155,45.5,TRUE,982,EUR,CoolBet,gsheets
2025-09-23,2025-09-25,handball,iceland,male,outcome,ÍR,Afturelding,away,1.33,0.90425,0.20265250000000007,NA,4770,NA,TRUE,1574,EUR,CoolBet,gsheets
2025-09-23,2025-09-25,handball,iceland,male,handicap,ÍR,Afturelding,away,1.95,0.6965,0.358175,NA,2925,4.5,FALSE,-2925,EUR,CoolBet,gsheets
2025-09-23,2025-09-25,handball,iceland,male,totals,ÍR,Afturelding,over,1.85,0.639,0.18215000000000003,NA,1665,62.5,TRUE,1415,EUR,CoolBet,gsheets
2025-09-25,2025-09-25,handball,iceland,male,handicap,ÍR,Afturelding,away,1.85,0.61825,0.14376250000000002,NA,135,5.5,FALSE,-135,EUR,Bet365,gsheets
2025-09-25,2025-09-25,handball,iceland,male,totals,ÍR,Afturelding,over,1.75,0.62,0.08499999999999996,NA,90,62.5,TRUE,68,EUR,Bet365,gsheets
2025-09-23,2025-09-25,handball,iceland,male,outcome,Valur,Selfoss,home,1.3,0.90525,0.17682500000000007,NA,4575,NA,TRUE,1372,EUR,CoolBet,gsheets
2025-09-23,2025-09-25,handball,iceland,male,handicap,Valur,Selfoss,home,1.9,0.694,0.3185999999999999,NA,2745,-4.5,TRUE,2471,EUR,CoolBet,gsheets
2025-09-23,2025-09-25,handball,iceland,male,totals,Valur,Selfoss,over,1.9,0.582,0.1057999999999999,NA,915,60.5,FALSE,-915,EUR,CoolBet,gsheets
2025-09-25,2025-09-25,handball,iceland,male,handicap,Valur,Selfoss,home,1.75,0.681,0.1917500000000001,NA,195,-4.5,TRUE,146,EUR,Bet365,gsheets
2025-09-25,2025-09-25,handball,iceland,male,totals,Valur,Selfoss,over,1.85,0.63675,0.17798750000000008,NA,165,59.5,FALSE,-165,EUR,Bet365,gsheets
2025-09-25,2025-09-25,handball,iceland,male,outcome,Valur,Selfoss,home,1.15,0.89425,0.0283874999999999,NA,362,NA,TRUE,54,ISK,Lengjan,gsheets
2025-09-25,2025-09-25,handball,iceland,male,totals,Fram,Haukar,over,1.73,0.761,0.31653,NA,508,59.5,FALSE,-508,ISK,Lengjan,gsheets
2025-09-25,2025-09-25,handball,poland,female,handicap,Piotrcovia,MKS Lublin,home,1.83,0.6395,0.17028500000000002,NA,285,5.5,TRUE,237,EUR,EpicBet,gsheets
2025-09-26,2025-09-26,handball,austria,male,totals,Alpla Hard,Handball Tirol,over,1.85,0.66475,0.22978749999999992,NA,360,61.5,FALSE,-360,EUR,EpicBet,gsheets
2025-09-26,2025-09-26,handball,france,male,outcome,Creteil,Sarrebourg,home,1.29,0.826,0.06553999999999996,NA,300,NA,FALSE,-300,EUR,EpicBet,gsheets
2025-09-26,2025-09-26,handball,france,male,handicap,Creteil,Sarrebourg,home,1.83,0.6225,0.13917500000000016,NA,225,-3.5,FALSE,-225,EUR,EpicBet,gsheets
2025-09-26,2025-09-26,handball,france,male,outcome,Istres,Dunkerque,home,1.91,0.6095,0.16414499999999999,NA,240,NA,FALSE,-240,EUR,EpicBet,gsheets
2025-09-26,2025-09-26,handball,france,male,handicap,Istres,Dunkerque,home,2.35,0.52875,0.24256250000000013,NA,240,-1.5,FALSE,-240,EUR,EpicBet,gsheets
2025-09-26,2025-09-26,handball,france,male,totals,Istres,Dunkerque,under,1.8,0.6455,0.16189999999999993,NA,270,61.5,FALSE,-270,EUR,EpicBet,gsheets
2025-09-26,2025-09-26,handball,france,male,totals,Nimes,Selestat,under,1.87,0.651,0.21737000000000006,NA,345,57.5,TRUE,300,EUR,EpicBet,gsheets
2025-09-26,2025-09-26,handball,france,male,outcome,Pau Billere,Besancon,home,1.18,0.91025,0.07409499999999994,NA,555,NA,TRUE,100,EUR,EpicBet,gsheets
2025-09-26,2025-09-26,handball,france,male,handicap,Pau Billere,Besancon,home,1.95,0.6365,0.24117499999999992,NA,345,-5.5,FALSE,-345,EUR,EpicBet,gsheets
2025-09-26,2025-09-26,handball,france,male,outcome,Saran,Cherbourg,home,1.5,0.7115,0.06725000000000003,NA,180,NA,FALSE,-180,EUR,EpicBet,gsheets
2025-09-26,2025-09-26,handball,france,male,totals,St. Raphael,Tremblay,over,1.85,0.61525,0.13821249999999996,NA,225,61.5,TRUE,191,EUR,EpicBet,gsheets
2025-09-25,2025-09-26,handball,germany,male,outcome,Hannover-Burgdorf,Erlangen,away,6,0.3275,0.9650000000000002,NA,255,NA,TRUE,1275,EUR,EpicBet,gsheets
2025-09-25,2025-09-26,handball,germany,male,handicap,Hannover-Burgdorf,Erlangen,away,1.8,0.723,0.3014,NA,510,-4.5,TRUE,408,EUR,EpicBet,gsheets
2025-09-25,2025-09-26,handball,germany,male,totals,Hannover-Burgdorf,Erlangen,under,1.93,0.60425,0.16620249999999992,NA,240,57.5,FALSE,-240,EUR,EpicBet,gsheets
2025-09-25,2025-09-26,handball,germany,male,outcome,MT Melsungen,Hamburg,home,1.7,0.684,0.16280000000000006,NA,315,NA,TRUE,220,EUR,EpicBet,gsheets
2025-09-25,2025-09-26,handball,germany,male,handicap,MT Melsungen,Hamburg,home,1.93,0.6085,0.17440500000000003,NA,255,-1.5,TRUE,237,EUR,EpicBet,gsheets
2025-09-25,2025-09-26,handball,iceland,male,outcome,HK,KA,home,1.9,0.59325,0.12717500000000004,NA,1095,NA,FALSE,-1095,EUR,EpicBet,gsheets
2025-09-25,2025-09-26,handball,iceland,male,handicap,HK,KA,home,2.3,0.51225,0.17817499999999986,NA,1065,-1.5,FALSE,-1065,EUR,EpicBet,gsheets
2025-09-25,2025-09-26,handball,iceland,male,totals,HK,KA,over,1.9,0.574,0.0905999999999999,NA,780,58.5,FALSE,-780,EUR,EpicBet,gsheets
2025-09-25,2025-09-26,handball,iceland,male,handicap,HK,KA,home,1.95,0.59325,0.15683750000000007,NA,120,-0.5,FALSE,-120,EUR,Bet365,gsheets
2025-09-25,2025-09-26,handball,iceland,male,totals,HK,KA,under,1.85,0.55425,0.025362500000000066,NA,30,60.5,TRUE,26,EUR,Bet365,gsheets
2025-09-25,2025-09-26,handball,iceland,male,outcome,Stjarnan,FH,away,1.5,0.78725,0.180875,NA,2805,NA,FALSE,-2805,EUR,EpicBet,gsheets
2025-09-25,2025-09-26,handball,iceland,male,handicap,Stjarnan,FH,away,1.9,0.646,0.22739999999999994,NA,1965,2.5,FALSE,-1965,EUR,EpicBet,gsheets
2025-09-25,2025-09-26,handball,iceland,male,totals,Stjarnan,FH,under,1.9,0.7815,0.4848499999999999,NA,4065,60.5,TRUE,3658,EUR,EpicBet,gsheets
2025-09-25,2025-09-26,handball,iceland,male,handicap,Stjarnan,FH,away,1.85,0.646,0.19510000000000005,NA,180,2.5,FALSE,-180,EUR,Bet365,gsheets
2025-09-25,2025-09-26,handball,iceland,male,totals,Stjarnan,FH,under,1.85,0.73625,0.36206249999999995,NA,330,59.5,TRUE,280,EUR,Bet365,gsheets
2025-09-25,2025-09-26,handball,iceland,male,outcome,Stjarnan,FH,away,1.42,0.78725,0.11789499999999997,NA,329,NA,FALSE,-329,ISK,Lengjan,gsheets
2025-09-25,2025-09-26,handball,spain,male,outcome,Granollers,Nava,home,1.17,0.8785,0.02784499999999987,NA,225,NA,TRUE,38,EUR,EpicBet,gsheets
2025-09-26,2025-09-26,handball,sweden,male,outcome,Hammarby,Helsingborg,home,1.2,0.88425,0.06109999999999993,NA,420,NA,TRUE,84,EUR,EpicBet,gsheets
2025-09-26,2025-09-26,handball,sweden,male,handicap,Hammarby,Helsingborg,home,1.91,0.69,0.31789999999999985,NA,480,-4.5,FALSE,-480,EUR,EpicBet,gsheets
2025-09-26,2025-09-26,handball,sweden,male,totals,Hammarby,Helsingborg,over,1.77,0.66075,0.16952749999999994,NA,300,57.5,TRUE,231,EUR,EpicBet,gsheets
2025-09-26,2025-09-26,handball,sweden,male,totals,Kristianstad,Ystads IF,over,1.8,0.62475,0.12455000000000005,NA,210,62.5,FALSE,-210,EUR,EpicBet,gsheets
2025-09-26,2025-09-26,handball,sweden,male,outcome,Vinslovs,Lund,home,1.4,0.7835,0.09689999999999988,NA,330,NA,FALSE,-330,EUR,EpicBet,gsheets
2025-09-26,2025-09-26,handball,sweden,male,handicap,Vinslovs,Lund,home,1.85,0.671,0.24135000000000018,NA,390,-2.5,FALSE,-390,EUR,EpicBet,gsheets
2025-09-23,2025-09-27,football,england,male,totals,Manchester City,Burnley,under,1.34,0.846,0.13364000000000004,NA,360,4.5,FALSE,-360,EUR,EpicBet,gsheets
2025-09-23,2025-09-27,football,england,male,totals,Tottenham,Wolves,over,2.8,0.45125,0.26349999999999985,NA,135,3.5,FALSE,-135,EUR,EpicBet,gsheets
2025-09-23,2025-09-27,football,iceland,male,outcome,Vestri,ÍBV,home,3.1,0.38125,0.181875,NA,75,NA,FALSE,-75,EUR,EpicBet,gsheets
2025-09-23,2025-09-27,football,iceland,male,handicap,Vestri,ÍBV,home,1.2,0.87375,0.04849999999999999,NA,225,1.5,FALSE,-225,EUR,EpicBet,gsheets
2025-09-23,2025-09-27,football,iceland,male,totals,Vestri,ÍBV,under,1.4,0.7855,0.0996999999999999,NA,225,3.5,FALSE,-225,EUR,EpicBet,gsheets
2025-09-25,2025-09-27,handball,iceland,male,outcome,ÍBV,Þór,home,1.4,0.84625,0.18474999999999986,NA,3585,NA,TRUE,1434,EUR,EpicBet,gsheets
2025-09-25,2025-09-27,handball,iceland,male,handicap,ÍBV,Þór,home,1.9,0.66725,0.267775,NA,2310,-3.5,TRUE,2079,EUR,EpicBet,gsheets
2025-09-25,2025-09-27,handball,iceland,male,totals,ÍBV,Þór,over,1.9,0.56575,0.07492499999999991,NA,645,60.5,FALSE,-645,EUR,EpicBet,gsheets
2025-09-25,2025-09-27,handball,iceland,male,totals,ÍBV,Þór,over,1.9,0.626,0.1893999999999999,NA,1635,59.5,FALSE,-1635,EUR,EpicBet,gsheets
2025-09-23,2025-09-28,football,england,male,totals,Aston Villa,Fulham,over,4.03,0.31475,0.26844250000000003,NA,75,3.5,TRUE,227,EUR,EpicBet,gsheets
2025-09-23,2025-09-28,football,iceland,male,outcome,Afturelding,KA,home,3,0.42275,0.26825,NA,120,NA,TRUE,240,EUR,EpicBet,gsheets
2025-09-23,2025-09-28,football,iceland,male,handicap,Afturelding,KA,home,1.25,0.83725,0.04656250000000006,NA,165,1.5,TRUE,41,EUR,EpicBet,gsheets
2025-09-23,2025-09-28,football,iceland,male,outcome,ÍA,KR,home,2.8,0.45975,0.2872999999999999,NA,150,NA,TRUE,270,EUR,EpicBet,gsheets
2025-09-23,2025-09-28,football,iceland,male,handicap,ÍA,KR,home,1.25,0.82775,0.03468749999999998,NA,120,1.5,TRUE,30,EUR,EpicBet,gsheets
2025-09-27,2025-09-28,handball,czech republic,male,totals,Plzen,Lovosice,over,1.83,0.71375,0.3061625,NA,495,58.5,TRUE,411,EUR,EpicBet,gsheets
2025-09-27,2025-09-28,handball,denmark,male,totals,Aalborg,Holstebro,over,1.89,0.59875,0.13163749999999996,NA,195,61.5,NA,NA,EUR,EpicBet,gsheets
2025-09-27,2025-09-28,handball,france,male,outcome,Chambery Savoie,Toulouse,home,1.91,0.67325,0.2859075,NA,420,NA,FALSE,-420,EUR,EpicBet,gsheets
2025-09-27,2025-09-28,handball,france,male,handicap,Chambery Savoie,Toulouse,home,2.35,0.58975,0.3859125,NA,390,-1.5,FALSE,-390,EUR,EpicBet,gsheets
2025-09-27,2025-09-28,handball,france,male,totals,Dijon,Nantes,under,1.87,0.6735,0.25944500000000004,NA,405,61.5,FALSE,-405,EUR,EpicBet,gsheets
2025-09-27,2025-09-28,handball,germany,male,handicap,Flensburg-H.,Goppingen,away,1.88,0.61925,0.16418999999999984,NA,255,-6.5,TRUE,224,EUR,EpicBet,gsheets
2025-09-27,2025-09-28,handball,germany,male,outcome,Fuchse Berlin,Eisenach,home,1.13,0.8995,0.016434999999999866,NA,165,NA,TRUE,21,EUR,EpicBet,gsheets
2025-09-27,2025-09-28,handball,germany,male,totals,Fuchse Berlin,Eisenach,over,1.93,0.627,0.21011000000000002,NA,300,61.5,FALSE,-300,EUR,EpicBet,gsheets
2025-09-27,2025-09-28,handball,germany,male,totals,HSG Wetzlar,Minden,over,1.85,0.59425,0.09936249999999991,NA,165,54.5,TRUE,140,EUR,EpicBet,gsheets
2025-09-28,2025-09-28,handball,norway,male,outcome,Elverum,Halden,home,1.06,0.97125,0.029524999999999996,NA,660,NA,TRUE,40,EUR,EpicBet,gsheets
2025-09-28,2025-09-28,handball,norway,male,handicap,Elverum,Halden,home,1.85,0.82025,0.5174625000000002,NA,825,-6.5,FALSE,-825,EUR,EpicBet,gsheets
2025-09-28,2025-09-28,handball,norway,male,totals,Elverum,Halden,under,1.85,0.68975,0.27603750000000005,NA,435,59.5,TRUE,370,EUR,EpicBet,gsheets
2025-09-28,2025-09-28,handball,norway,male,outcome,Fjellhammer,Arendal,home,2.2,0.52975,0.1654500000000002,NA,180,NA,FALSE,-180,EUR,EpicBet,gsheets
2025-09-28,2025-09-28,handball,norway,male,totals,Fjellhammer,Arendal,under,1.85,0.70425,0.30286250000000015,NA,480,58.5,TRUE,408,EUR,EpicBet,gsheets
2025-09-28,2025-09-28,handball,norway,male,totals,Sandefjord TIF,Bergen,under,1.91,0.5825,0.11257499999999998,NA,165,57.5,FALSE,-165,EUR,EpicBet,gsheets
2025-09-28,2025-09-28,handball,norway,male,totals,Sandnes,Naerbo,under,1.85,0.632,0.16920000000000002,NA,270,57.5,TRUE,230,EUR,EpicBet,gsheets
2025-09-28,2025-09-28,handball,norway,male,outcome,Viking TIF,Tiller,home,1.14,0.9065,0.033409999999999884,NA,330,NA,TRUE,46,EUR,EpicBet,gsheets
2025-09-23,2025-09-29,football,england,male,totals,Everton,West Ham,under,1.88,0.58275,0.09556999999999993,NA,105,2.5,TRUE,92,EUR,EpicBet,gsheets
2025-09-23,2025-09-29,football,iceland,male,outcome,Stjarnan,Víkingur R.,home,3.75,0.341,0.27875000000000005,NA,90,NA,FALSE,-90,EUR,EpicBet,gsheets
2025-09-23,2025-09-29,football,iceland,male,handicap,Stjarnan,Víkingur R.,home,1.37,0.75,0.02750000000000008,NA,60,1.5,TRUE,22,EUR,EpicBet,gsheets
2025-09-29,2025-09-29,handball,poland,male,outcome,Gwardia Opole,Legionowo,home,1.67,0.736,0.22911999999999993,NA,465,NA,FALSE,-465,EUR,EpicBet,gsheets
2025-09-29,2025-09-29,handball,poland,male,handicap,Gwardia Opole,Legionowo,home,1.9,0.66025,0.2544749999999999,NA,390,-1.5,FALSE,-390,EUR,EpicBet,gsheets
2025-09-29,2025-09-29,handball,sweden,male,outcome,Helsingborg,Alingsas,home,2,0.69275,0.38549999999999995,NA,525,NA,TRUE,525,EUR,EpicBet,gsheets
2025-09-29,2025-09-29,handball,sweden,male,handicap,Helsingborg,Alingsas,home,2.4,0.625,0.5,NA,480,-1.5,FALSE,-480,EUR,EpicBet,gsheets
2025-09-29,2025-09-29,handball,sweden,male,totals,Helsingborg,Alingsas,under,1.83,0.6475,0.184925,NA,300,62.5,TRUE,249,EUR,EpicBet,gsheets
2025-09-29,2025-09-29,handball,sweden,male,outcome,Kristianstad,Karlskrona,home,1.3,0.81125,0.05462500000000006,NA,240,NA,TRUE,72,EUR,EpicBet,gsheets
2025-09-29,2025-09-29,handball,sweden,male,handicap,Kristianstad,Karlskrona,home,1.87,0.6225,0.1640750000000002,NA,255,-3.5,TRUE,222,EUR,EpicBet,gsheets
2025-09-30,2025-09-30,basketball,iceland,female,totals,Ármann,KR,under,1.87,0.63375,0.18511250000000012,NA,210,156.5,TRUE,183,EUR,EpicBet,gsheets
2025-09-29,2025-09-30,basketball,iceland,female,outcome,Haukar,Tindastóll,home,1.4,0.9315,0.3040999999999999,NA,645,NA,TRUE,258,EUR,EpicBet,gsheets
2025-09-29,2025-09-30,basketball,iceland,female,handicap,Haukar,Tindastóll,home,1.87,0.8645,0.6166150000000001,NA,600,-5.5,TRUE,522,EUR,EpicBet,gsheets
2025-09-30,2025-10-01,basketball,iceland,female,totals,Hamar/Þór,Grindavík,over,1.87,0.616,0.15192000000000005,NA,180,155.5,TRUE,157,EUR,EpicBet,gsheets
2025-10-01,2025-10-01,handball,denmark,female,handicap,Esbjerg,Skanderborg,away,1.8,0.63125,0.13624999999999998,NA,225,-12.5,FALSE,-225,EUR,EpicBet,gsheets
2025-10-01,2025-10-01,handball,denmark,female,totals,Esbjerg,Skanderborg,over,1.8,0.69175,0.24514999999999998,NA,420,60.5,TRUE,336,EUR,EpicBet,gsheets
2025-10-01,2025-10-01,handball,denmark,female,outcome,Horsens,Silkeborg-Voel,home,2.38,0.5465,0.3006699999999999,NA,300,NA,TRUE,414,EUR,EpicBet,gsheets
2025-10-01,2025-10-01,handball,denmark,female,handicap,Horsens,Silkeborg-Voel,home,1.62,0.69175,0.12063500000000005,NA,270,1.5,TRUE,167,EUR,EpicBet,gsheets
2025-10-01,2025-10-01,handball,germany,female,outcome,Bensheim-Auerbach,BVB Dortmund,home,2.88,0.60175,0.7330399999999999,NA,525,NA,TRUE,987,EUR,EpicBet,gsheets
2025-10-01,2025-10-01,handball,germany,female,handicap,Bensheim-Auerbach,BVB Dortmund,home,1.83,0.72925,0.3345275,NA,540,1.5,TRUE,448,EUR,EpicBet,gsheets
2025-10-01,2025-10-01,handball,germany,female,totals,Bensheim-Auerbach,BVB Dortmund,over,1.83,0.80175,0.46720249999999997,NA,765,60.5,TRUE,635,EUR,EpicBet,gsheets
2025-10-01,2025-10-01,handball,germany,female,outcome,Halle-Neustadt,Oldenburg,home,3,0.436,0.30799999999999994,NA,210,NA,FALSE,-210,EUR,EpicBet,gsheets
2025-10-01,2025-10-01,handball,germany,female,totals,Halle-Neustadt,Oldenburg,under,1.85,0.60275,0.11508750000000012,NA,180,57.5,FALSE,-180,EUR,EpicBet,gsheets
2025-10-01,2025-10-01,handball,hungary,female,handicap,Ferencvaros,Budaors,home,1.83,0.658,0.2041400000000001,NA,330,-14.5,TRUE,274,EUR,EpicBet,gsheets
2025-10-01,2025-10-01,handball,hungary,female,totals,Mosonmagyarovar,Alba Fehervar,over,1.83,0.67825,0.24119750000000006,NA,390,56.5,FALSE,-390,EUR,EpicBet,gsheets
2025-10-01,2025-10-01,handball,iceland,female,outcome,ÍBV,Selfoss,away,4.75,0.322,0.5295000000000001,NA,720,NA,FALSE,-720,EUR,EpicBet,gsheets
2025-10-01,2025-10-01,handball,iceland,female,handicap,ÍBV,Selfoss,away,1.9,0.5825,0.10675000000000001,NA,615,-3.5,FALSE,-615,EUR,EpicBet,gsheets
2025-10-01,2025-10-01,handball,iceland,female,totals,ÍBV,Selfoss,over,1.9,0.604,0.14759999999999995,NA,840,53.5,FALSE,-840,EUR,CoolBet,gsheets
2025-10-01,2025-10-01,handball,iceland,female,outcome,Stjarnan,Valur,away,1.14,0.9435,0.07558999999999991,NA,2775,NA,TRUE,388,EUR,EpicBet,gsheets
2025-10-01,2025-10-01,handball,iceland,female,handicap,Stjarnan,Valur,away,1.9,0.7075,0.34424999999999994,NA,1965,6.5,TRUE,1768,EUR,CoolBet,gsheets
2025-10-01,2025-10-01,handball,norway,female,outcome,Fana,Gjerpen,home,2.12,0.66125,0.40185000000000004,NA,480,NA,TRUE,538,EUR,EpicBet,gsheets
2025-10-01,2025-10-01,handball,norway,female,handicap,Fana,Gjerpen,home,1.53,0.764,0.16892000000000001,NA,435,1.5,TRUE,231,EUR,EpicBet,gsheets
2025-10-01,2025-10-01,handball,norway,female,outcome,Fredrikstad,Sola,home,6.04,0.28375,0.7138499999999999,NA,195,NA,FALSE,-195,EUR,EpicBet,gsheets
2025-10-01,2025-10-01,handball,norway,female,handicap,Fredrikstad,Sola,home,1.89,0.609,0.15100999999999987,NA,225,4.5,TRUE,200,EUR,EpicBet,gsheets
2025-10-01,2025-10-01,handball,poland,male,handicap,Wisla Plock,Ostrow Wielkopolski,home,1.83,0.705,0.29015,NA,480,-11.5,TRUE,398,EUR,EpicBet,gsheets
2025-10-01,2025-10-01,handball,poland,male,totals,Wisla Plock,Ostrow Wielkopolski,over,1.8,0.63725,0.14705000000000001,NA,255,59.5,FALSE,-255,EUR,EpicBet,gsheets
2025-10-01,2025-10-01,handball,sweden,female,outcome,Boden,Skovde,away,4,0.50175,1.0070000000000001,NA,450,NA,FALSE,-450,EUR,EpicBet,gsheets
2025-10-01,2025-10-01,handball,sweden,female,handicap,Boden,Skovde,away,1.97,0.69775,0.37456749999999994,NA,525,-2.5,FALSE,-525,EUR,EpicBet,gsheets
2025-10-01,2025-10-01,handball,sweden,male,outcome,Hallby,Amo HK,home,1.73,0.669,0.15737000000000007,NA,285,NA,TRUE,208,EUR,EpicBet,gsheets
2025-10-01,2025-10-01,handball,sweden,male,handicap,Hallby,Amo HK,home,2.05,0.60125,0.23256249999999978,NA,300,-1.5,TRUE,315,EUR,EpicBet,gsheets
2025-10-01,2025-10-01,handball,sweden,male,totals,Hallby,Amo HK,over,1.77,0.61975,0.09695750000000003,NA,165,60.5,TRUE,127,EUR,EpicBet,gsheets
2025-10-01,2025-10-01,handball,sweden,male,outcome,Hammarby,Ystads IF,home,1.8,0.6865,0.23570000000000002,NA,405,NA,TRUE,324,EUR,EpicBet,gsheets
2025-10-01,2025-10-01,handball,sweden,male,handicap,Hammarby,Ystads IF,home,2.05,0.619,0.2689499999999999,NA,345,-1.5,TRUE,362,EUR,EpicBet,gsheets
2025-10-01,2025-10-01,handball,sweden,male,totals,Hammarby,Ystads IF,over,1.8,0.612,0.10160000000000002,NA,165,63.5,FALSE,-165,EUR,EpicBet,gsheets
2025-10-01,2025-10-01,handball,sweden,female,totals,Onnereds,Savehof,under,1.87,0.6465,0.208955,NA,330,52.5,TRUE,287,EUR,EpicBet,gsheets
2025-10-02,2025-10-02,handball,denmark,male,totals,Holstebro,Grindsted,over,1.95,0.58925,0.14903750000000004,NA,210,59.5,FALSE,-210,EUR,EpicBet,gsheets
2025-10-01,2025-10-02,handball,iceland,male,outcome,Afturelding,Fram,home,2.05,0.65675,0.34633749999999974,NA,1695,NA,TRUE,1780,EUR,CoolBet,gsheets
2025-10-01,2025-10-02,handball,iceland,male,handicap,Afturelding,Fram,home,2.3,0.574,0.3201999999999998,NA,1260,-1.5,TRUE,1638,EUR,CoolBet,gsheets
2025-10-01,2025-10-02,handball,iceland,male,totals,Afturelding,Fram,over,1.9,0.645,0.22549999999999992,NA,1290,60.5,TRUE,1161,EUR,EpicBet,gsheets
2025-10-02,2025-10-02,handball,iceland,male,outcome,FH,HK,home,1.4,0.84825,0.18754999999999983,NA,2415,NA,FALSE,-2415,EUR,EpicBet,gsheets
2025-10-02,2025-10-02,handball,iceland,male,handicap,FH,HK,home,2.05,0.66825,0.36991249999999987,NA,1815,-3.5,FALSE,-1815,EUR,EpicBet,gsheets
2025-10-02,2025-10-02,handball,iceland,male,totals,FH,HK,under,1.9,0.7495,0.42405000000000004,NA,2430,58.5,FALSE,-2430,EUR,EpicBet,gsheets
2025-10-01,2025-10-02,handball,iceland,male,outcome,Haukar,Valur,home,2.05,0.64625,0.32481249999999984,NA,1590,NA,TRUE,1669,EUR,CoolBet,gsheets
2025-10-01,2025-10-02,handball,iceland,male,handicap,Haukar,Valur,home,2.3,0.575,0.3224999999999998,NA,1275,-1.5,TRUE,1657,EUR,EpicBet,gsheets
2025-10-01,2025-10-02,handball,iceland,male,totals,Haukar,Valur,under,1.9,0.59275,0.12622499999999992,NA,720,61.5,TRUE,648,EUR,EpicBet,gsheets
2025-10-02,2025-10-02,handball,iceland,male,outcome,KA,ÍR,home,1.55,0.7825,0.21287499999999998,NA,1995,NA,TRUE,1097,EUR,CoolBet,gsheets
2025-10-02,2025-10-02,handball,iceland,male,handicap,KA,ÍR,home,1.95,0.64775,0.2631125000000001,NA,1425,-2.5,TRUE,1354,EUR,CoolBet,gsheets
2025-10-02,2025-10-02,handball,iceland,male,totals,KA,ÍR,over,1.9,0.70175,0.33332499999999987,NA,1905,63.5,TRUE,1714,EUR,EpicBet,gsheets
2025-10-02,2025-10-02,handball,iceland,male,outcome,Selfoss,ÍBV,home,4.75,0.35975,0.7088125000000001,NA,975,NA,TRUE,3656,EUR,EpicBet,gsheets
2025-10-02,2025-10-02,handball,iceland,male,handicap,Selfoss,ÍBV,home,1.95,0.6745,0.31527499999999997,NA,1710,3.5,TRUE,1624,EUR,CoolBet,gsheets
2025-10-02,2025-10-02,handball,iceland,male,totals,Selfoss,ÍBV,over,1.9,0.6585,0.2511499999999999,NA,1440,59.5,TRUE,1296,EUR,EpicBet,gsheets
2025-10-01,2025-10-02,handball,iceland,male,outcome,Þór,Stjarnan,home,3.1,0.43075,0.3353250000000001,NA,825,NA,FALSE,-825,EUR,CoolBet,gsheets
2025-10-01,2025-10-02,handball,iceland,male,handicap,Þór,Stjarnan,home,2,0.58975,0.1795,NA,930,1.5,TRUE,930,EUR,CoolBet,gsheets
2025-10-01,2025-10-02,handball,iceland,male,totals,Þór,Stjarnan,under,1.9,0.60775,0.154725,NA,885,58.5,FALSE,-885,EUR,EpicBet,gsheets
2025-10-02,2025-10-02,handball,sweden,male,outcome,Malmo,Savehof,home,2.2,0.6215,0.3673000000000002,NA,420,NA,TRUE,504,EUR,EpicBet,gsheets
2025-10-02,2025-10-02,handball,sweden,male,handicap,Malmo,Savehof,home,1.53,0.75125,0.1494125,NA,375,1.5,TRUE,199,EUR,EpicBet,gsheets
2025-10-02,2025-10-02,handball,sweden,male,totals,Malmo,Savehof,under,1.85,0.60875,0.12618750000000012,NA,195,61.5,FALSE,-195,EUR,EpicBet,gsheets
2025-10-02,2025-10-02,handball,sweden,male,handicap,Vasteras Irsta HF,Kristianstad,home,1.95,0.636,0.24019999999999997,NA,345,6.5,FALSE,-345,EUR,EpicBet,gsheets
2025-10-02,2025-10-02,handball,sweden,male,totals,Vasteras Irsta HF,Kristianstad,over,1.8,0.65675,0.18214999999999992,NA,315,57.5,TRUE,252,EUR,EpicBet,gsheets
2025-10-03,2025-10-03,basketball,iceland,male,outcome,Grindavík,Njarðvík,home,1.9,0.60825,0.1556749999999999,NA,345,NA,TRUE,310,EUR,CoolBet,gsheets
2025-10-03,2025-10-03,basketball,iceland,male,handicap,Grindavík,Njarðvík,home,1.96,0.56075,0.09906999999999988,NA,210,-1.5,TRUE,202,EUR,CoolBet,gsheets
2025-10-03,2025-10-03,basketball,iceland,male,totals,Grindavík,Njarðvík,over,1.87,0.60275,0.12714250000000005,NA,285,186.5,TRUE,248,EUR,EpicBet,gsheets
2025-10-03,2025-10-03,handball,austria,male,totals,HSG Graz,Alpla Hard,over,1.91,0.5945,0.13549500000000003,NA,195,60.5,TRUE,177,EUR,EpicBet,gsheets
2025-10-03,2025-10-03,handball,denmark,female,outcome,Bjerringbro,HOJ,home,1.8,0.7045,0.2681,NA,450,NA,FALSE,-450,EUR,EpicBet,gsheets
2025-10-03,2025-10-03,handball,denmark,female,handicap,Bjerringbro,HOJ,home,2.05,0.636,0.30379999999999996,NA,390,-1.5,FALSE,-390,EUR,EpicBet,gsheets
2025-10-03,2025-10-03,handball,denmark,female,totals,Bjerringbro,HOJ,over,1.95,0.6535,0.27432499999999993,NA,390,58.5,TRUE,371,EUR,EpicBet,gsheets
2025-10-03,2025-10-03,handball,france,male,outcome,Besancon,Creteil,home,3.2,0.40125,0.28400000000000003,NA,180,NA,TRUE,396,EUR,EpicBet,gsheets
2025-10-03,2025-10-03,handball,france,male,outcome,Frontignan,Saran,home,2,0.568,0.1359999999999999,NA,180,NA,FALSE,-180,EUR,EpicBet,gsheets
2025-10-03,2025-10-03,handball,france,male,totals,Frontignan,Saran,over,1.91,0.6055,0.156505,NA,240,63.5,TRUE,218,EUR,EpicBet,gsheets
2025-10-03,2025-10-03,handball,france,male,outcome,Ivry,Massy Essonne,home,1.22,0.92875,0.13307499999999994,NA,825,NA,FALSE,-825,EUR,EpicBet,gsheets
2025-10-03,2025-10-03,handball,france,male,handicap,Ivry,Massy Essonne,home,1.91,0.719,0.3732899999999999,NA,555,-4.5,FALSE,-555,EUR,EpicBet,gsheets
2025-10-03,2025-10-03,handball,france,male,outcome,Saintes,Caen,home,3.6,0.48775,0.7559000000000001,NA,390,NA,FALSE,-390,EUR,EpicBet,gsheets
2025-10-03,2025-10-03,handball,france,male,handicap,Saintes,Caen,home,1.91,0.70375,0.3441624999999999,NA,510,2.5,FALSE,-510,EUR,EpicBet,gsheets
2025-10-03,2025-10-03,handball,france,male,outcome,Selestat,Chartres,home,2.1,0.66575,0.39807499999999996,NA,495,NA,FALSE,-495,EUR,EpicBet,gsheets
2025-10-03,2025-10-03,handball,france,male,handicap,Selestat,Chartres,home,1.5,0.80475,0.20712499999999995,NA,555,1.5,FALSE,-555,EUR,EpicBet,gsheets
2025-10-03,2025-10-03,handball,france,male,totals,Toulouse,Aix,over,1.95,0.57775,0.1266124999999999,NA,180,61.5,FALSE,-180,EUR,EpicBet,gsheets
2025-10-03,2025-10-03,handball,france,male,outcome,Tremblay,Istres,home,1.3,0.87375,0.13587500000000008,NA,615,NA,TRUE,185,EUR,EpicBet,gsheets
2025-10-03,2025-10-03,handball,france,male,handicap,Tremblay,Istres,home,1.87,0.69425,0.2982475000000001,NA,465,-3.5,TRUE,405,EUR,EpicBet,gsheets
2025-10-03,2025-10-03,handball,france,male,outcome,Valence,Cournon d'Auvergne,home,1.67,0.70825,0.18277750000000004,NA,375,NA,TRUE,251,EUR,EpicBet,gsheets
2025-10-03,2025-10-03,handball,france,male,handicap,Valence,Cournon d'Auvergne,home,1.95,0.63075,0.22996250000000007,NA,330,-1.5,TRUE,314,EUR,EpicBet,gsheets
2025-10-03,2025-10-03,handball,spain,male,outcome,La Rioja,Horneo Alicante,home,1.22,0.86475,0.05499499999999999,NA,345,NA,TRUE,76,EUR,EpicBet,gsheets
2025-10-03,2025-10-03,handball,spain,male,handicap,La Rioja,Horneo Alicante,home,1.87,0.62825,0.17482750000000002,NA,270,-4.5,FALSE,-270,EUR,EpicBet,gsheets
2025-10-04,2025-10-04,handball,austria,male,totals,Aon Fivers,Linz,over,1.95,0.669,0.3045500000000001,NA,435,62.5,FALSE,-435,EUR,EpicBet,gsheets
2025-10-04,2025-10-04,handball,austria,male,totals,Krems,Hollabrunn,under,1.91,0.62575,0.19518250000000004,NA,285,59.5,FALSE,-285,EUR,EpicBet,gsheets
2025-10-04,2025-10-04,handball,austria,male,totals,Voslauer,Barnbach/K.,under,1.8,0.64325,0.15785000000000005,NA,270,55.5,TRUE,216,EUR,EpicBet,gsheets
2025-10-03,2025-10-04,handball,denmark,male,outcome,Ringsted,Bjerringbro/Silkeborg,home,3.6,0.378,0.3608,NA,195,NA,FALSE,-195,EUR,EpicBet,gsheets
2025-10-03,2025-10-04,handball,denmark,male,handicap,Ringsted,Bjerringbro/Silkeborg,home,1.9,0.616,0.17039999999999988,NA,255,2.5,FALSE,-255,EUR,EpicBet,gsheets
2025-10-03,2025-10-04,handball,denmark,male,outcome,Skanderborg AGF,Mors,home,1.44,0.73975,0.06523999999999996,NA,195,NA,FALSE,-195,EUR,EpicBet,gsheets
2025-10-03,2025-10-04,handball,denmark,male,handicap,Skanderborg AGF,Mors,home,1.9,0.612,0.16279999999999994,NA,240,-2.5,FALSE,-240,EUR,EpicBet,gsheets
2025-10-03,2025-10-04,handball,denmark,male,totals,Skanderborg AGF,Mors,over,1.89,0.6205,0.17274500000000004,NA,270,61.5,FALSE,-270,EUR,EpicBet,gsheets
2025-10-03,2025-10-04,handball,denmark,male,outcome,Skjern,Fredericia,home,1.67,0.7535,0.2583449999999998,NA,525,NA,TRUE,352,EUR,EpicBet,gsheets
2025-10-03,2025-10-04,handball,denmark,male,handicap,Skjern,Fredericia,home,1.95,0.688,0.3415999999999999,NA,480,-1.5,TRUE,456,EUR,EpicBet,gsheets
2025-10-03,2025-10-04,handball,germany,male,outcome,Erlangen,Fuchse Berlin,home,6,0.30975,0.8585,NA,225,NA,FALSE,-225,EUR,EpicBet,gsheets
2025-10-03,2025-10-04,handball,germany,male,handicap,Erlangen,Fuchse Berlin,home,1.93,0.719,0.38766999999999985,NA,570,4.5,TRUE,530,EUR,EpicBet,gsheets
2025-10-03,2025-10-04,handball,germany,male,outcome,Goppingen,Hannover-Burgdorf,home,2.75,0.488,0.34199999999999997,NA,270,NA,TRUE,473,EUR,EpicBet,gsheets
2025-10-03,2025-10-04,handball,germany,male,handicap,Goppingen,Hannover-Burgdorf,home,1.8,0.65525,0.17945,NA,300,1.5,TRUE,240,EUR,EpicBet,gsheets
2025-10-03,2025-10-04,handball,germany,male,handicap,Leipzig,Flensburg-H.,home,1.95,0.6515,0.2704249999999999,NA,390,4.5,FALSE,-390,EUR,EpicBet,gsheets
2025-10-04,2025-10-04,handball,germany,male,totals,Leipzig,Flensburg-H.,over,1.93,0.577,0.11360999999999988,NA,165,61.5,TRUE,153,EUR,EpicBet,gsheets
2025-10-03,2025-10-04,handball,germany,male,totals,Minden,Lemgo,over,1.88,0.64175,0.20649000000000006,NA,315,56.5,TRUE,277,EUR,EpicBet,gsheets
2025-10-04,2025-10-04,handball,germany,female,totals,Thuringer,Neckarsulmer,over,1.8,0.63125,0.13624999999999998,NA,225,59.5,TRUE,180,EUR,EpicBet,gsheets
2025-10-04,2025-10-04,handball,germany,female,totals,Zwickau,Blomberg-Lippe,under,1.91,0.70125,0.33938750000000006,NA,510,59.5,FALSE,-510,EUR,EpicBet,gsheets
2025-10-04,2025-10-04,handball,hungary,male,totals,Csurgoi,Szeged,under,1.87,0.6765,0.26505500000000004,NA,405,64.5,TRUE,352,EUR,EpicBet,gsheets
2025-10-04,2025-10-04,handball,hungary,female,totals,Szombathelyi,Vasas,over,1.83,0.615,0.12545000000000006,NA,210,56.5,TRUE,174,EUR,EpicBet,gsheets
2025-10-03,2025-10-04,handball,iceland,female,outcome,Fram,ÍR,home,1.35,0.77625,0.04793750000000008,NA,900,NA,TRUE,315,EUR,EpicBet,gsheets
2025-10-03,2025-10-04,handball,iceland,female,handicap,Fram,ÍR,away,1.9,0.5615,0.066849999999999965,NA,495,-5.5,TRUE,445,EUR,CoolBet,gsheets
2025-10-03,2025-10-04,handball,iceland,female,totals,Fram,ÍR,under,1.9,0.60775,0.154725,NA,1140,54.5,TRUE,1026,EUR,CoolBet,gsheets
2025-10-03,2025-10-04,handball,iceland,female,outcome,KA/Þór,Haukar,away,1.8,0.6685,0.20330000000000004,NA,1680,NA,TRUE,1344,EUR,CoolBet,gsheets
2025-10-03,2025-10-04,handball,iceland,female,handicap,KA/Þór,Haukar,away,2.05,0.6045,0.23922500000000002,NA,1500,1.5,TRUE,1575,EUR,CoolBet,gsheets
2025-10-03,2025-10-04,handball,iceland,female,totals,KA/Þór,Haukar,under,1.85,0.80875,0.4961875,NA,3855,54.5,TRUE,3277,EUR,EpicBet,gsheets
2025-10-04,2025-10-04,handball,portugal,male,totals,Arsenal,Sporting,under,1.87,0.7135,0.3342450000000001,NA,525,60.5,FALSE,-525,EUR,EpicBet,gsheets
2025-10-04,2025-10-04,handball,portugal,male,totals,Povoa,Porto,under,1.89,0.64675,0.22235749999999999,NA,345,63.5,TRUE,307,EUR,EpicBet,gsheets
2025-10-03,2025-10-04,handball,spain,male,outcome,Ademar,Caserio Ciudad Real,home,1.17,0.9425,0.10272499999999993,NA,825,NA,TRUE,140,EUR,EpicBet,gsheets
2025-10-03,2025-10-04,handball,spain,male,handicap,Ademar,Caserio Ciudad Real,home,1.87,0.7,0.30899999999999994,NA,480,-5.5,TRUE,418,EUR,EpicBet,gsheets
2025-10-03,2025-10-04,handball,spain,male,outcome,Nava,CD Bidasoa Irun,home,4,0.38825,0.5529999999999999,NA,255,NA,FALSE,-255,EUR,EpicBet,gsheets
2025-10-03,2025-10-04,handball,spain,male,handicap,Nava,CD Bidasoa Irun,home,1.8,0.69975,0.25954999999999995,NA,435,3.5,FALSE,-435,EUR,EpicBet,gsheets
2025-10-03,2025-10-05,handball,germany,male,outcome,Eisenach,Gummersbach,home,3.75,0.365,0.3687499999999999,NA,180,NA,TRUE,495,EUR,EpicBet,gsheets
2025-10-03,2025-10-05,handball,germany,male,handicap,Eisenach,Gummersbach,home,1.93,0.60825,0.17392249999999987,NA,255,2.5,TRUE,237,EUR,EpicBet,gsheets
2025-10-03,2025-10-05,handball,germany,male,outcome,Hamburg,SC Magdeburg,away,1.36,0.85,0.15600000000000003,NA,585,NA,TRUE,211,EUR,EpicBet,gsheets
2025-10-03,2025-10-05,handball,germany,male,handicap,Hamburg,SC Magdeburg,away,2,0.65775,0.3154999999999999,NA,420,3.5,FALSE,-420,EUR,EpicBet,gsheets
2025-10-03,2025-10-05,handball,germany,male,totals,Hamburg,SC Magdeburg,over,1.88,0.7595,0.4278599999999998,NA,660,60.5,FALSE,-660,EUR,EpicBet,gsheets
2025-10-04,2025-10-05,handball,germany,male,totals,Kiel,Rhein-Neckar,over,1.88,0.591,0.11107999999999985,NA,165,60.5,TRUE,145,EUR,EpicBet,gsheets
2025-10-03,2025-10-05,handball,germany,male,outcome,Stuttgart,MT Melsungen,away,2.1,0.5795,0.2169500000000001,NA,270,NA,FALSE,-270,EUR,EpicBet,gsheets
2025-10-03,2025-10-05,handball,germany,male,handicap,Stuttgart,MT Melsungen,away,2.45,0.4955,0.21397500000000014,NA,195,1.5,FALSE,-195,EUR,EpicBet,gsheets
2025-10-05,2025-10-05,handball,iceland,male,outcome,ÍR,Þór,home,1.9,0.541,0.027900000000000036,NA,210,NA,TRUE,189,EUR,CoolBet,gsheets
2025-10-05,2025-10-05,handball,iceland,male,totals,ÍR,Þór,over,1.9,0.742,0.40979999999999994,NA,3000,61.5,TRUE,2700,EUR,CoolBet,gsheets
2025-10-05,2025-10-06,handball,iceland,male,outcome,Afturelding,ÍBV,home,2.05,0.83275,0.7071374999999999,NA,4440,NA,TRUE,4662,EUR,CoolBet,gsheets
2025-10-05,2025-10-06,handball,iceland,male,handicap,Afturelding,ÍBV,home,2.25,0.78125,0.7578125,NA,4005,-1.5,TRUE,5006,EUR,CoolBet,gsheets
2025-10-05,2025-10-06,handball,iceland,male,totals,Afturelding,ÍBV,over,1.9,0.5675,0.07824999999999993,NA,570,61.5,FALSE,-570,EUR,CoolBet,gsheets
2025-10-05,2025-10-06,handball,iceland,male,outcome,Fjölnir,Stjarnan,home,9.5,0.16625,0.579375,NA,450,NA,TRUE,3825,EUR,CoolBet,gsheets
2025-10-05,2025-10-06,handball,iceland,male,handicap,Fjölnir,Stjarnan,home,1.9,0.7385,0.40315,NA,2955,7.5,TRUE,2660,EUR,CoolBet,gsheets
2025-10-05,2025-10-06,handball,iceland,male,totals,Fjölnir,Stjarnan,under,1.9,0.75125,0.42737499999999984,NA,3135,62.5,FALSE,-3135,EUR,CoolBet,gsheets
2025-10-05,2025-10-06,handball,iceland,male,outcome,Grótta,FH,home,9.5,0.198,0.881,NA,690,NA,FALSE,-690,EUR,CoolBet,gsheets
2025-10-05,2025-10-06,handball,iceland,male,handicap,Grótta,FH,home,1.9,0.7835,0.4886499999999999,NA,3585,7.5,TRUE,3226,EUR,CoolBet,gsheets
2025-10-05,2025-10-06,handball,iceland,male,totals,Grótta,FH,under,1.9,0.783,0.4877,NA,3570,61.5,FALSE,-3570,EUR,CoolBet,gsheets
2025-10-05,2025-10-06,handball,iceland,male,outcome,Haukar,Valur,home,1.8,0.732,0.3176,NA,2625,NA,FALSE,-2625,EUR,CoolBet,gsheets
2025-10-05,2025-10-06,handball,iceland,male,handicap,Haukar,Valur,home,2.05,0.671,0.37554999999999994,NA,2355,-1.5,FALSE,-2355,EUR,CoolBet,gsheets
2025-10-05,2025-10-06,handball,iceland,male,outcome,HK,Selfoss,home,1.7,0.64225,0.09182499999999993,NA,870,NA,TRUE,609,EUR,CoolBet,gsheets
2025-10-05,2025-10-06,handball,iceland,male,handicap,HK,Selfoss,home,1.9,0.56175,0.06732499999999986,NA,495,-1.5,TRUE,445,EUR,CoolBet,gsheets
2025-10-05,2025-10-06,handball,iceland,male,outcome,Víkingur,Fram,home,7,0.3405,1.3835000000000002,NA,1515,NA,FALSE,-1515,EUR,CoolBet,gsheets
2025-10-05,2025-10-06,handball,iceland,male,handicap,Víkingur,Fram,home,1.95,0.80225,0.5643875,NA,3915,5.5,TRUE,3719,EUR,CoolBet,gsheets
2025-10-05,2025-10-06,handball,iceland,male,totals,Víkingur,Fram,under,1.9,0.5515,0.04784999999999995,NA,345,63.5,FALSE,-345,EUR,CoolBet,gsheets
2025-10-07,2025-10-07,basketball,iceland,female,outcome,Grindavík,Ármann,away,10,0.25125,1.5124999999999995,NA,330,NA,FALSE,-330,EUR,EpicBet,gsheets
2025-10-07,2025-10-07,basketball,iceland,female,handicap,Grindavík,Ármann,away,1.87,0.6645,0.24261500000000003,NA,555,-17.5,FALSE,-555,EUR,EpicBet,gsheets
2025-10-07,2025-10-07,basketball,iceland,female,totals,Grindavík,Ármann,under,1.87,0.645,0.20615000000000006,NA,465,153.5,TRUE,405,EUR,EpicBet,gsheets
2025-10-07,2025-10-07,basketball,iceland,female,outcome,Keflavík,Hamar/Þór,home,1.95,0.743,0.44884999999999997,NA,930,NA,TRUE,884,EUR,EpicBet,gsheets
2025-10-07,2025-10-07,basketball,iceland,female,totals,Keflavík,Hamar/Þór,over,1.88,0.81675,0.5354899999999999,NA,1200,157.5,TRUE,1056,EUR,EpicBet,gsheets
2025-10-07,2025-10-07,basketball,iceland,female,handicap,Keflavík,Hamar/Þór,home,1.85,0.77075,0.4258875000000002,NA,990,1.5,TRUE,841,EUR,EpicBet,gsheets
2025-10-07,2025-10-08,basketball,iceland,female,outcome,KR,Haukar,home,4.45,0.4765,1.120425,NA,645,NA,FALSE,-645,EUR,EpicBet,gsheets
2025-10-07,2025-10-08,basketball,iceland,female,handicap,KR,Haukar,home,1.87,0.78625,0.4702875000000001,NA,1065,12.5,FALSE,-1065,EUR,EpicBet,gsheets
2025-10-07,2025-10-08,basketball,iceland,female,totals,KR,Haukar,over,1.87,0.70875,0.3253625000000001,NA,735,157.5,TRUE,639,EUR,EpicBet,gsheets
2025-10-07,2025-10-08,basketball,iceland,female,outcome,Tindastóll,Stjarnan,away,3.3,0.3795,0.25234999999999985,NA,210,NA,FALSE,-210,EUR,EpicBet,gsheets
2025-10-07,2025-10-08,basketball,iceland,female,handicap,Tindastóll,Stjarnan,away,1.87,0.5745,0.07431500000000008,NA,165,-7.5,TRUE,144,EUR,EpicBet,gsheets
2025-10-07,2025-10-08,handball,iceland,female,outcome,Haukar,ÍBV,home,1.45,0.76275,0.10598750000000001,NA,1965,NA,FALSE,-1965,EUR,CoolBet,gsheets
2025-10-07,2025-10-08,handball,iceland,female,handicap,Haukar,ÍBV,home,2,0.57025,0.14050000000000007,NA,1170,-3.5,FALSE,-1170,EUR,CoolBet,gsheets
2025-10-07,2025-10-08,handball,iceland,female,totals,Haukar,ÍBV,under,1.9,0.6275,0.1922499999999998,NA,1785,53.5,TRUE,1606,EUR,CoolBet,gsheets
2025-10-07,2025-10-08,handball,iceland,female,outcome,ÍR,KA/Þór,home,1.95,0.76575,0.49321250000000005,NA,4335,NA,TRUE,4118,EUR,CoolBet,gsheets
2025-10-07,2025-10-08,handball,iceland,female,handicap,ÍR,KA/Þór,home,2.25,0.7135,0.605375,NA,4050,-1.5,FALSE,-4050,EUR,CoolBet,gsheets
2025-10-07,2025-10-08,handball,iceland,female,totals,ÍR,KA/Þór,under,1.9,0.65525,0.24497499999999994,NA,2280,51.5,FALSE,-2280,EUR,CoolBet,gsheets
2025-10-07,2025-10-08,handball,iceland,female,outcome,Valur,Fram,home,1.7,0.7615,0.29454999999999987,NA,3510,NA,TRUE,2457,EUR,CoolBet,gsheets
2025-10-07,2025-10-08,handball,iceland,female,handicap,Valur,Fram,home,1.9,0.69975,0.32952499999999996,NA,3060,-1.5,TRUE,2754,EUR,CoolBet,gsheets
2025-10-07,2025-10-08,handball,iceland,female,totals,Valur,Fram,over,1.9,0.63275,0.202225,NA,1875,54.5,FALSE,-1875,EUR,CoolBet,gsheets
2025-10-08,2025-10-09,basketball,iceland,male,handicap,Ármann,KR,home,1.87,0.65175,0.21877250000000015,NA,495,20.5,FALSE,-495,EUR,EpicBet,gsheets
2025-10-08,2025-10-09,basketball,iceland,male,handicap,Grindavík,ÍA,home,1.87,0.646,0.2080200000000001,NA,480,-10.5,TRUE,418,EUR,EpicBet,gsheets
2025-10-08,2025-10-09,basketball,iceland,male,outcome,Tindastóll,Keflavík,home,1.45,0.80475,0.1668874999999999,NA,735,NA,TRUE,331,EUR,EpicBet,gsheets
2025-10-08,2025-10-09,basketball,iceland,male,handicap,Tindastóll,Keflavík,home,1.85,0.688,0.27279999999999993,NA,630,-5.5,TRUE,536,EUR,EpicBet,gsheets
2025-10-08,2025-10-09,basketball,iceland,male,totals,Tindastóll,Keflavík,over,1.88,0.845,0.5885999999999999,NA,1320,174.5,TRUE,1162,EUR,EpicBet,gsheets
2025-10-08,2025-10-09,basketball,iceland,male,handicap,Þór Þ.,Álftanes,home,1.89,0.57025,0.07777250000000002,NA,180,5.5,FALSE,-180,EUR,EpicBet,gsheets
2025-10-08,2025-10-09,basketball,iceland,male,totals,Þór Þ.,Álftanes,over,1.87,0.57875,0.08226250000000002,NA,180,190.5,FALSE,-180,EUR,EpicBet,gsheets
2025-10-07,2025-10-09,handball,iceland,male,outcome,FH,Þór,home,1.4,0.89575,0.25405,NA,5310,NA,FALSE,-5310,EUR,CoolBet,gsheets
2025-10-07,2025-10-09,handball,iceland,male,totals,FH,Þór,under,1.9,0.63025,0.19747499999999985,NA,1830,58.5,FALSE,-1830,EUR,CoolBet,gsheets
2025-10-08,2025-10-09,handball,iceland,male,handicap,FH,Þór,home,1.9,0.7475,0.42025,NA,3900,-3.5,FALSE,-3900,EUR,EpicBet,gsheets
2025-10-07,2025-10-09,handball,iceland,female,outcome,Selfoss,Stjarnan,home,1.9,0.5605,0.06494999999999995,NA,600,NA,FALSE,-600,EUR,CoolBet,gsheets
2025-10-07,2025-10-09,handball,iceland,female,totals,Selfoss,Stjarnan,over,1.9,0.60925,0.1575749999999999,NA,1470,54.5,FALSE,-1470,EUR,CoolBet,gsheets
2025-10-07,2025-10-09,handball,iceland,female,handicap,Selfoss,Stjarnan,home,2.15,0.49025,0.05403750000000007,NA,390,-1.5,FALSE,-390,EUR,EpicBet,gsheets
2025-10-08,2025-10-09,handball,iceland,male,outcome,Valur,Afturelding,away,2.35,0.49,0.15149999999999997,NA,945,NA,FALSE,-945,EUR,EpicBet,gsheets
2025-10-08,2025-10-09,handball,iceland,male,handicap,Valur,Afturelding,away,1.6,0.653,0.04480000000000012,NA,630,-1.5,FALSE,-630,EUR,EpicBet,gsheets
2025-10-08,2025-10-09,handball,iceland,male,totals,Valur,Afturelding,over,1.9,0.53625,0.018874999999999975,NA,180,60.5,FALSE,-180,EUR,EpicBet,gsheets
2025-10-07,2025-10-10,handball,iceland,male,outcome,Fram,KA,home,1.75,0.76775,0.3435625000000001,NA,3825,NA,FALSE,-3825,EUR,CoolBet,gsheets
2025-10-07,2025-10-10,handball,iceland,male,totals,Fram,KA,over,1.9,0.82075,0.5594249999999998,NA,5190,59.5,TRUE,4671,EUR,CoolBet,gsheets
2025-10-08,2025-10-10,handball,iceland,male,handicap,Fram,KA,home,2.2,0.68925,0.5163500000000002,NA,3600,-1.5,FALSE,-3600,EUR,EpicBet,gsheets
2025-10-07,2025-10-10,handball,iceland,male,outcome,HK,ÍR,home,1.5,0.73975,0.10962500000000003,NA,1830,NA,TRUE,915,EUR,CoolBet,gsheets
2025-10-07,2025-10-10,handball,iceland,male,totals,HK,ÍR,over,1.9,0.60975,0.15852500000000003,NA,1470,63.5,FALSE,-1470,EUR,CoolBet,gsheets
2025-10-08,2025-10-10,handball,iceland,male,handicap,HK,ÍR,home,1.9,0.58475,0.11102499999999993,NA,1035,-2.5,FALSE,-1035,EUR,EpicBet,gsheets
2025-10-07,2025-10-10,handball,iceland,male,outcome,ÍBV,Haukar,away,2.45,0.6785,0.662325,NA,3810,NA,TRUE,5525,EUR,CoolBet,gsheets
2025-10-07,2025-10-10,handball,iceland,male,totals,ÍBV,Haukar,over,1.9,0.65325,0.24117499999999992,NA,2235,59.5,TRUE,2011,EUR,CoolBet,gsheets
2025-10-08,2025-10-10,handball,iceland,male,handicap,ÍBV,Haukar,away,1.57,0.80625,0.26581250000000006,NA,3900,-1.5,TRUE,2223,EUR,EpicBet,gsheets
2025-10-14,2025-10-14,basketball,iceland,female,outcome,Ármann,Keflavík,home,6.25,0.39925,1.4953124999999998,NA,690,NA,FALSE,-690,EUR,CoolBet,gsheets
2025-10-14,2025-10-14,basketball,iceland,female,handicap,Ármann,Keflavík,home,1.91,0.7325,0.39907500000000007,NA,1065,12.5,FALSE,-1065,EUR,CoolBet,gsheets
2025-10-14,2025-10-14,basketball,iceland,female,totals,Ármann,Keflavík,over,1.87,0.7505,0.403435,NA,1125,151.5,TRUE,979,EUR,CoolBet,gsheets
2025-10-14,2025-10-14,basketball,iceland,female,outcome,Hamar/Þór,Valur,home,3.72,0.3605,0.34106000000000003,NA,300,NA,FALSE,-300,EUR,CoolBet,gsheets
2025-10-14,2025-10-14,basketball,iceland,female,handicap,Hamar/Þór,Valur,home,1.87,0.60675,0.1346225000000001,NA,375,8.5,TRUE,326,EUR,EpicBet,gsheets
2025-10-14,2025-10-14,basketball,iceland,female,outcome,Haukar,Grindavík,home,1.9,0.6905,0.31194999999999995,NA,840,NA,FALSE,-840,EUR,CoolBet,gsheets
2025-10-14,2025-10-14,basketball,iceland,female,handicap,Haukar,Grindavík,home,1.88,0.65275,0.22716999999999998,NA,630,-1.5,FALSE,-630,EUR,EpicBet,gsheets
2025-10-14,2025-10-14,basketball,iceland,female,outcome,Stjarnan,KR,away,2.9,0.5725,0.66025,NA,840,NA,TRUE,1596,EUR,EpicBet,gsheets
2025-10-14,2025-10-14,basketball,iceland,female,handicap,Stjarnan,KR,away,1.89,0.73925,0.3971824999999999,NA,1080,-6.5,TRUE,961,EUR,EpicBet,gsheets
2025-10-14,2025-10-15,basketball,iceland,female,outcome,Njarðvík,Tindastóll,home,1.35,0.8925,0.20487500000000003,NA,1410,NA,TRUE,494,EUR,EpicBet,gsheets
2025-10-14,2025-10-15,basketball,iceland,female,handicap,Njarðvík,Tindastóll,home,1.87,0.77025,0.4403675,NA,1230,-7.5,TRUE,1070,EUR,CoolBet,gsheets
2025-10-14,2025-10-15,basketball,iceland,female,totals,Njarðvík,Tindastóll,over,1.87,0.7725,0.44457500000000005,NA,1230,157.5,TRUE,1070,EUR,CoolBet,gsheets
2025-10-23,2025-10-23,basketball,iceland,male,outcome,Ármann,Keflavík,home,10,0.219,1.19,NA,330,NA,FALSE,-330,EUR,CoolBet,gsheets
2025-10-23,2025-10-23,basketball,iceland,male,handicap,Ármann,Keflavík,home,1.87,0.684,0.2790800000000002,NA,810,17.5,TRUE,705,EUR,CoolBet,gsheets
2025-10-23,2025-10-23,basketball,iceland,male,totals,Ármann,Keflavík,over,1.87,0.6915,0.29310500000000006,NA,840,186.5,TRUE,731,EUR,CoolBet,gsheets
2025-10-23,2025-10-23,basketball,iceland,male,outcome,Njarðvík,Tindastóll,home,4,0.44125,0.7649999999999999,NA,645,NA,TRUE,1935,EUR,CoolBet,gsheets
2025-10-23,2025-10-23,basketball,iceland,male,handicap,Njarðvík,Tindastóll,home,1.87,0.67775,0.26739250000000003,NA,765,8.5,TRUE,666,EUR,CoolBet,gsheets
2025-10-23,2025-10-23,basketball,iceland,male,totals,Njarðvík,Tindastóll,over,1.9,0.66825,0.269675,NA,750,186.5,TRUE,675,EUR,EpicBet,gsheets
2025-10-23,2025-10-23,handball,iceland,male,outcome,FH,Haukar,home,2.4,0.4345,0.04279999999999995,NA,255,NA,TRUE,357,EUR,EpicBet,gsheets
2025-10-23,2025-10-23,handball,iceland,male,totals,FH,Haukar,under,1.9,0.73775,0.401725,NA,3720,60.5,TRUE,3348,EUR,EpicBet,gsheets
2025-10-23,2025-10-23,handball,iceland,male,outcome,Valur,ÍR,home,1.24,0.92,0.14080000000000004,NA,4890,NA,TRUE,1174,EUR,CoolBet,gsheets
2025-10-23,2025-10-23,handball,iceland,male,handicap,Valur,ÍR,home,1.9,0.683,0.2977000000000001,NA,2760,-5.5,FALSE,-2760,EUR,EpicBet,gsheets
2025-10-23,2025-10-23,handball,iceland,male,totals,Valur,ÍR,over,1.9,0.62275,0.18322499999999997,NA,1695,64.5,TRUE,1525,EUR,EpicBet,gsheets
2025-10-23,2025-10-23,handball,iceland,male,outcome,Þór,Selfoss,home,2.1,0.5475,0.14975000000000005,NA,1140,NA,TRUE,1254,EUR,CoolBet,gsheets
2025-10-23,2025-10-23,handball,iceland,male,handicap,Þór,Selfoss,home,2.3,0.4685,0.07755000000000001,NA,495,-1.5,TRUE,643,EUR,CoolBet,gsheets
2025-10-23,2025-10-23,handball,iceland,male,totals,Þór,Selfoss,under,1.9,0.554,0.052600000000000036,NA,480,58.5,TRUE,432,EUR,EpicBet,gsheets
2025-10-24,2025-10-24,basketball,iceland,male,outcome,Breiðablik,Sindri,home,1.75,0.707,0.23724999999999996,NA,795,NA,TRUE,596,EUR,EpicBet,gsheets
2025-10-24,2025-10-24,basketball,iceland,male,handicap,Breiðablik,Sindri,home,1.9,0.64725,0.22977499999999995,NA,645,-2.5,TRUE,580,EUR,EpicBet,gsheets
2025-10-24,2025-10-24,basketball,iceland,male,totals,Breiðablik,Sindri,under,1.87,0.74375,0.3908125000000001,NA,1125,186.5,TRUE,979,EUR,EpicBet,gsheets
2025-10-24,2025-10-24,basketball,iceland,male,handicap,Haukar,Fylkir,away,1.87,0.59525,0.11311749999999998,NA,330,-35.5,FALSE,-330,EUR,CoolBet,gsheets
2025-10-24,2025-10-24,basketball,iceland,male,totals,Haukar,Fylkir,under,1.87,0.61625,0.1523875,NA,435,182.5,FALSE,-435,EUR,EpicBet,gsheets
2025-10-23,2025-10-24,basketball,iceland,male,outcome,ÍA,Álftanes,away,4.5,0.68175,2.067875,NA,1485,NA,FALSE,-1485,EUR,CoolBet,gsheets
2025-10-23,2025-10-24,basketball,iceland,male,totals,ÍA,Álftanes,over,1.88,0.6275,0.17969999999999986,NA,510,181.5,FALSE,-510,EUR,EpicBet,gsheets
2025-10-24,2025-10-24,basketball,iceland,male,outcome,KV,Selfoss,home,3.7,0.7485,1.7694500000000004,NA,1635,NA,FALSE,-1635,EUR,CoolBet,gsheets
2025-10-24,2025-10-24,basketball,iceland,male,handicap,KV,Selfoss,home,1.87,0.89975,0.6825325000000002,NA,1965,8.5,TRUE,1710,EUR,CoolBet,gsheets
2025-10-24,2025-10-24,basketball,iceland,male,outcome,Skallagrímur,Fjölnir,away,2.6,0.8365,1.1749,NA,1830,NA,TRUE,2928,EUR,CoolBet,gsheets
2025-10-24,2025-10-24,basketball,iceland,male,handicap,Skallagrímur,Fjölnir,away,1.87,0.90675,0.6956225,NA,1995,-5.5,TRUE,1736,EUR,CoolBet,gsheets
2025-10-24,2025-10-24,basketball,iceland,male,totals,Skallagrímur,Fjölnir,over,1.87,0.6355,0.18838500000000002,NA,540,178.5,TRUE,470,EUR,CoolBet,gsheets
2025-10-24,2025-10-24,basketball,iceland,male,outcome,Snæfell,Þór Ak.,home,1.4,0.8885,0.24389999999999984,NA,1530,NA,TRUE,612,EUR,CoolBet,gsheets
2025-10-24,2025-10-24,basketball,iceland,male,handicap,Snæfell,Þór Ak.,home,1.87,0.791,0.4791700000000002,NA,1380,-6.5,TRUE,1201,EUR,CoolBet,gsheets
2025-10-24,2025-10-24,basketball,iceland,male,totals,Snæfell,Þór Ak.,over,1.87,0.69675,0.3029225,NA,870,181.5,FALSE,-870,EUR,EpicBet,gsheets
2025-10-23,2025-10-24,basketball,iceland,male,outcome,Stjarnan,ÍR,home,3.2,0.8215,1.6288,NA,1845,NA,FALSE,-1845,EUR,CoolBet,gsheets
2025-10-23,2025-10-24,basketball,iceland,male,totals,Stjarnan,ÍR,under,1.87,0.59875,0.11966250000000012,NA,345,183.5,TRUE,300,EUR,EpicBet,gsheets
2025-10-24,2025-10-24,basketball,iceland,male,handicap,Stjarnan,ÍR,home,1.87,0.5675,0.061225000000000085,NA,180,-10.5,FALSE,-180,EUR,EpicBet,gsheets
2025-10-23,2025-10-24,handball,iceland,male,outcome,Stjarnan,Afturelding,away,1.65,0.723,0.1929499999999999,NA,2475,NA,TRUE,1609,EUR,CoolBet,gsheets
2025-10-23,2025-10-24,handball,iceland,male,handicap,Stjarnan,Afturelding,away,1.85,0.64975,0.2020375000000002,NA,1980,1.5,TRUE,1683,EUR,CoolBet,gsheets
2025-10-23,2025-10-24,handball,iceland,male,totals,Stjarnan,Afturelding,under,1.9,0.658,0.2502,NA,2325,60.5,FALSE,-2325,EUR,EpicBet,gsheets
2025-10-25,2025-10-25,handball,iceland,female,outcome,Fram,KA/Þór,home,1.4,0.8825,0.23549999999999988,NA,4905,NA,FALSE,-4905,EUR,EpicBet,gsheets
2025-10-25,2025-10-25,handball,iceland,female,handicap,Fram,KA/Þór,home,1.95,0.7495,0.4615250000000001,NA,4050,-3.5,FALSE,-4050,EUR,CoolBet,gsheets
2025-10-25,2025-10-25,handball,iceland,female,totals,Fram,KA/Þór,under,1.9,0.72425,0.3760749999999998,NA,3480,54.5,FALSE,-3480,EUR,CoolBet,gsheets
2025-10-25,2025-10-25,handball,iceland,female,outcome,Haukar,Stjarnan,home,1.28,0.9285,0.18848000000000004,NA,5610,NA,TRUE,1571,EUR,CoolBet,gsheets
2025-10-25,2025-10-25,handball,iceland,female,handicap,Haukar,Stjarnan,home,1.9,0.783,0.4877,NA,4515,-4.5,TRUE,4063,EUR,EpicBet,gsheets
2025-10-25,2025-10-25,handball,iceland,female,totals,Haukar,Stjarnan,over,1.9,0.6245,0.1865500000000001,NA,1725,50.5,TRUE,1552,EUR,CoolBet,gsheets
2025-10-23,2025-10-25,handball,iceland,male,outcome,HK,Fram,away,1.9,0.682,0.29580000000000006,NA,2745,NA,TRUE,2471,EUR,EpicBet,gsheets
2025-10-23,2025-10-25,handball,iceland,male,handicap,HK,Fram,away,2.25,0.6115,0.37587500000000007,NA,2505,1.5,TRUE,3131,EUR,EpicBet,gsheets
2025-10-23,2025-10-25,handball,iceland,male,totals,HK,Fram,over,1.9,0.62775,0.19272500000000004,NA,1785,59.5,TRUE,1606,EUR,CoolBet,gsheets
2025-10-23,2025-10-25,handball,iceland,male,outcome,ÍBV,KA,home,1.75,0.7315,0.28012500000000007,NA,3120,NA,TRUE,2340,EUR,CoolBet,gsheets
2025-10-23,2025-10-25,handball,iceland,male,handicap,ÍBV,KA,home,1.9,0.84275,0.6012249999999999,NA,5565,1.5,TRUE,5008,EUR,EpicBet,gsheets
2025-10-23,2025-10-25,handball,iceland,male,totals,ÍBV,KA,over,1.9,0.67175,0.2763249999999998,NA,2565,60.5,TRUE,2308,EUR,EpicBet,gsheets
2025-10-25,2025-10-25,handball,iceland,female,outcome,ÍR,Selfoss,home,1.65,0.69175,0.1413874999999999,NA,1815,NA,TRUE,1180,EUR,CoolBet,gsheets
2025-10-25,2025-10-25,handball,iceland,female,handicap,ÍR,Selfoss,home,1.9,0.62825,0.19367499999999993,NA,1800,-1.5,TRUE,1620,EUR,EpicBet,gsheets
2025-10-25,2025-10-25,handball,iceland,female,totals,ÍR,Selfoss,over,1.8,0.72,0.29599999999999993,NA,3090,50.5,TRUE,2472,EUR,EpicBet,gsheets
2025-10-25,2025-10-25,handball,iceland,female,outcome,Valur,ÍBV,home,1.33,0.906,0.2049800000000001,NA,5175,NA,TRUE,1708,EUR,EpicBet,gsheets
2025-10-25,2025-10-25,handball,iceland,female,handicap,Valur,ÍBV,home,1.9,0.79725,0.514775,NA,4770,-3.5,FALSE,-4770,EUR,EpicBet,gsheets
2025-10-25,2025-10-25,handball,iceland,male,outcome,Fram,KA/Þór,home,1.39,0.89825,0.24856749999999989,NA,768,NA,FALSE,-768,ISK,Lengjan,gsheets
2025-10-25,2025-10-25,handball,iceland,male,outcome,HK,Fram,away,1.65,0.708,0.16819999999999985,NA,312,NA,TRUE,203,ISK,Lengjan,gsheets
2025-10-25,2025-10-25,handball,iceland,male,outcome,Haukar,Stjarnan,home,1.2,0.93975,0.12769999999999992,NA,769,NA,TRUE,154,ISK,Lengjan,gsheets
2025-10-25,2025-10-25,handball,iceland,male,outcome,ÍBV,KA,home,1.46,0.75575,0.10339500000000001,NA,271,NA,TRUE,125,ISK,Lengjan,gsheets
2025-10-29,2025-10-29,basketball,iceland,female,outcome,Ármann,Valur,home,4.75,0.34675,0.6470625,NA,705,NA,FALSE,-705,EUR,EpicBet,gsheets
2025-10-29,2025-10-29,basketball,iceland,female,handicap,Ármann,Valur,home,1.89,0.66775,0.2620474999999999,NA,1215,11.5,FALSE,-1215,EUR,EpicBet,gsheets
2025-10-29,2025-10-29,basketball,iceland,female,totals,Ármann,Valur,under,1.87,0.7445,0.3922150000000002,NA,1860,155.5,FALSE,-1860,EUR,EpicBet,gsheets
2025-10-29,2025-10-29,basketball,iceland,female,handicap,Haukar,Hamar/Þór,home,1.87,0.57825,0.08132750000000011,NA,390,-12.5,TRUE,339,EUR,CoolBet,gsheets
2025-10-29,2025-10-29,basketball,iceland,female,totals,Haukar,Hamar/Þór,over,1.87,0.696,0.30152,NA,1425,166.5,TRUE,1240,EUR,EpicBet,gsheets
2025-10-29,2025-10-29,basketball,iceland,female,outcome,Njarðvík,Grindavík,home,2.3,0.51125,0.1758749999999999,NA,555,NA,TRUE,721,EUR,CoolBet,gsheets
2025-10-29,2025-10-29,basketball,iceland,female,handicap,Njarðvík,Grindavík,home,1.87,0.61525,0.15051749999999997,NA,720,3.5,TRUE,626,EUR,EpicBet,gsheets
2025-10-29,2025-10-29,basketball,iceland,female,outcome,Stjarnan,Keflavík,home,7,0.2955,1.0684999999999998,NA,735,NA,TRUE,4410,EUR,EpicBet,gsheets
2025-10-29,2025-10-29,basketball,iceland,female,handicap,Stjarnan,Keflavík,home,1.91,0.66575,0.27158249999999984,NA,1230,13.5,TRUE,1119,EUR,EpicBet,gsheets
2025-10-29,2025-10-29,basketball,iceland,female,totals,Stjarnan,Keflavík,over,1.87,0.6805,0.2725350000000001,NA,1290,163.5,FALSE,-1290,EUR,CoolBet,gsheets
2025-10-29,2025-10-29,basketball,iceland,female,outcome,Tindastóll,KR,away,2,0.6015,0.20300000000000007,NA,840,NA,TRUE,840,EUR,EpicBet,gsheets
2025-10-29,2025-10-29,basketball,iceland,female,handicap,Tindastóll,KR,away,1.87,0.64675,0.20942250000000018,NA,990,-1.5,TRUE,861,EUR,EpicBet,gsheets
2025-10-29,2025-10-29,basketball,iceland,female,totals,Tindastóll,KR,under,1.87,0.66,0.23420000000000007,NA,1110,162.5,TRUE,966,EUR,EpicBet,gsheets
2025-10-29,2025-10-29,handball,iceland,female,outcome,FH,Stjarnan,home,8.5,0.19825,0.6851250000000002,NA,570,NA,TRUE,4275,EUR,EpicBet,gsheets
2025-10-29,2025-10-29,handball,iceland,female,handicap,FH,Stjarnan,home,1.85,0.6545,0.21082500000000004,NA,1560,6.5,TRUE,1326,EUR,EpicBet,gsheets
2025-10-29,2025-10-29,handball,iceland,female,totals,FH,Stjarnan,under,1.9,0.555,0.05450000000000005,NA,375,50.5,TRUE,338,EUR,CoolBet,gsheets
2025-10-29,2025-10-29,handball,iceland,female,outcome,HK,Fram,home,5.5,0.2225,0.22375,NA,315,NA,FALSE,-315,EUR,EpicBet,gsheets
2025-10-29,2025-10-29,handball,iceland,female,handicap,HK,Fram,home,1.95,0.533,0.039349999999999996,NA,255,4.5,FALSE,-255,EUR,CoolBet,gsheets
2025-10-29,2025-10-29,handball,iceland,female,totals,HK,Fram,over,1.9,0.6535,0.24164999999999992,NA,1695,49.5,TRUE,1525,EUR,CoolBet,gsheets
2025-10-29,2025-10-29,handball,iceland,female,outcome,KA/Þór,Selfoss,home,1.8,0.7635,0.37429999999999997,NA,2955,NA,TRUE,2364,EUR,CoolBet,gsheets
2025-10-29,2025-10-29,handball,iceland,female,handicap,KA/Þór,Selfoss,home,2.05,0.703,0.4411499999999998,NA,2640,-1.5,TRUE,2772,EUR,CoolBet,gsheets
2025-10-29,2025-10-29,handball,iceland,female,totals,KA/Þór,Selfoss,over,1.85,0.60175,0.1132375000000001,NA,840,52.5,TRUE,714,EUR,EpicBet,gsheets
2025-10-29,2025-10-29,handball,iceland,female,outcome,Víkingur,Fjölnir,home,1.22,0.90325,0.10196499999999997,NA,2925,NA,TRUE,643,EUR,EpicBet,gsheets
2025-10-29,2025-10-29,handball,iceland,female,handicap,Víkingur,Fjölnir,home,1.85,0.72975,0.3500375000000001,NA,2595,-4.5,FALSE,-2595,EUR,EpicBet,gsheets
2025-10-29,2025-10-30,basketball,iceland,male,totals,Álftanes,Njarðvík,over,1.87,0.56375,0.0542125,NA,255,185.5,FALSE,-255,EUR,EpicBet,gsheets
2025-10-30,2025-10-30,basketball,iceland,male,outcome,Álftanes,Njarðvík,home,1.65,0.63125,0.04156249999999989,NA,465,NA,TRUE,302,EUR,EpicBet,gsheets
2025-10-29,2025-10-30,basketball,iceland,male,handicap,Keflavík,Þór Þ.,home,1.95,0.55275,0.07786249999999995,NA,345,-11.5,FALSE,-345,EUR,EpicBet,gsheets
2025-10-29,2025-10-30,basketball,iceland,male,totals,Keflavík,Þór Þ.,over,1.83,0.66925,0.22472750000000008,NA,1110,184.5,FALSE,-1110,EUR,EpicBet,gsheets
2025-10-30,2025-10-30,basketball,iceland,male,outcome,Keflavík,Þór Þ.,home,1.25,0.812,0.015000000000000069,NA,435,NA,TRUE,109,EUR,CoolBet,gsheets
2025-10-29,2025-10-30,basketball,iceland,male,outcome,KR,ÍA,home,1.5,0.757,0.1355,NA,1125,NA,TRUE,562,EUR,EpicBet,gsheets
2025-10-29,2025-10-30,basketball,iceland,male,handicap,KR,ÍA,home,1.9,0.62775,0.19272500000000004,NA,885,-5.5,TRUE,797,EUR,EpicBet,gsheets
2025-10-29,2025-10-30,basketball,iceland,male,totals,KR,ÍA,under,1.92,0.5605,0.07616,NA,345,191.5,TRUE,317,EUR,EpicBet,gsheets
2025-10-30,2025-10-30,basketball,iceland,male,totals,Selfoss,Haukar,under,1.87,0.5585,0.04439500000000007,NA,375,189.5,TRUE,326,EUR,CoolBet,gsheets
2025-10-29,2025-10-30,basketball,iceland,male,totals,Valur,Grindavík,under,1.83,0.6435,0.177605,NA,885,178.5,TRUE,735,EUR,EpicBet,gsheets
2025-10-30,2025-10-30,basketball,iceland,male,handicap,Valur,Grindavík,away,1.87,0.55875,0.04486250000000003,NA,375,-3.5,TRUE,326,EUR,CoolBet,gsheets
2025-10-29,2025-10-30,handball,iceland,female,outcome,Afturelding,ÍR,away,1.28,0.85375,0.09280000000000002,NA,2085,NA,TRUE,584,EUR,EpicBet,gsheets
2025-10-29,2025-10-30,handball,iceland,female,handicap,Afturelding,ÍR,away,1.95,0.5765,0.12417500000000004,NA,825,5.5,FALSE,-825,EUR,CoolBet,gsheets
2025-10-31,2025-10-31,basketball,iceland,male,totals,Breiðablik,Snæfell,over,1.87,0.55575,0.039252500000000023,NA,270,175.5,TRUE,235,EUR,EpicBet,gsheets
2025-10-31,2025-10-31,basketball,iceland,male,outcome,Hamar,Skallagrímur,home,2.7,0.75775,1.0459250000000004,NA,3630,NA,FALSE,-3630,EUR,EpicBet,gsheets
2025-10-31,2025-10-31,basketball,iceland,male,handicap,Hamar,Skallagrímur,home,1.92,0.86,0.6511999999999999,NA,4170,5.5,FALSE,-4170,EUR,EpicBet,gsheets
2025-10-31,2025-10-31,basketball,iceland,male,totals,Hamar,Skallagrímur,over,1.87,0.7155,0.3379850000000001,NA,2295,178.5,TRUE,1997,EUR,CoolBet,gsheets
2025-10-30,2025-10-31,basketball,iceland,male,outcome,ÍR,Ármann,home,1.17,0.875,0.023749999999999938,NA,1035,NA,TRUE,176,EUR,EpicBet,gsheets
2025-10-30,2025-10-31,basketball,iceland,male,handicap,ÍR,Ármann,home,1.87,0.58725,0.09815750000000012,NA,825,-12.5,TRUE,718,EUR,CoolBet,gsheets
2025-10-30,2025-10-31,basketball,iceland,male,totals,ÍR,Ármann,under,1.9,0.59,0.12099999999999989,NA,990,189.5,TRUE,891,EUR,EpicBet,gsheets
2025-10-31,2025-10-31,basketball,iceland,male,outcome,Þór Ak.,KV,away,3.1,0.5415,0.6786500000000001,NA,1905,NA,FALSE,-1905,EUR,CoolBet,gsheets
2025-10-31,2025-10-31,basketball,iceland,male,handicap,Þór Ak.,KV,away,1.87,0.727,0.3594900000000001,NA,2430,-7.5,FALSE,-2430,EUR,CoolBet,gsheets
2025-11-01,2025-11-01,basketball,iceland,female,totals,Ármann,Haukar,under,1.87,0.57525,0.0757175000000001,NA,510,164.5,FALSE,-510,EUR,EpicBet,gsheets
2025-11-01,2025-11-01,basketball,iceland,female,outcome,Grindavík,Tindastóll,home,1.15,0.89925,0.034137499999999904,NA,1335,NA,TRUE,200,EUR,EpicBet,gsheets
2025-11-01,2025-11-01,basketball,iceland,female,handicap,Grindavík,Tindastóll,home,1.87,0.67125,0.2552375000000001,NA,1725,-12.5,TRUE,1501,EUR,EpicBet,gsheets
2025-11-01,2025-11-01,basketball,iceland,female,totals,Grindavík,Tindastóll,under,1.87,0.5855,0.09488500000000011,NA,645,161.5,TRUE,561,EUR,EpicBet,gsheets
2025-11-01,2025-11-01,basketball,iceland,female,outcome,Hamar/Þór,Stjarnan,home,2.1,0.51875,0.0893750000000001,NA,480,NA,FALSE,-480,EUR,EpicBet,gsheets
2025-11-01,2025-11-01,basketball,iceland,female,handicap,Hamar/Þór,Stjarnan,home,1.87,0.58825,0.10002750000000016,NA,675,2.5,FALSE,-675,EUR,EpicBet,gsheets
2025-11-01,2025-11-01,basketball,iceland,female,totals,Hamar/Þór,Stjarnan,over,1.87,0.564,0.05467999999999995,NA,375,162.5,TRUE,326,EUR,EpicBet,gsheets
2025-11-01,2025-11-01,basketball,iceland,female,outcome,Keflavík,Njarðvík,home,2,0.524,0.04800000000000004,NA,285,NA,FALSE,-285,EUR,EpicBet,gsheets
2025-11-01,2025-11-01,basketball,iceland,female,handicap,Keflavík,Njarðvík,home,1.87,0.5695,0.06496500000000005,NA,435,1.5,FALSE,-435,EUR,EpicBet,gsheets
2025-11-01,2025-11-01,basketball,iceland,female,totals,Keflavík,Njarðvík,over,1.87,0.701,0.31087,NA,2100,165.5,TRUE,1827,EUR,EpicBet,gsheets
2025-10-31,2025-11-01,basketball,iceland,male,outcome,Sindri,Fjölnir,away,2.6,0.7065,0.8369000000000001,NA,3075,NA,TRUE,4920,EUR,CoolBet,gsheets
2025-10-31,2025-11-01,basketball,iceland,male,handicap,Sindri,Fjölnir,away,1.87,0.82675,0.5460225000000001,NA,3705,-5.5,TRUE,3223,EUR,EpicBet,gsheets
2025-10-31,2025-11-01,basketball,iceland,male,totals,Sindri,Fjölnir,under,1.87,0.62725,0.1729575,NA,1170,183.5,FALSE,-1170,EUR,CoolBet,gsheets
2025-11-01,2025-11-01,basketball,iceland,female,outcome,Valur,KR,away,2.4,0.461,0.10640000000000005,NA,450,NA,TRUE,630,EUR,EpicBet,gsheets
2025-11-01,2025-11-01,basketball,iceland,female,handicap,Valur,KR,away,1.87,0.63375,0.18511250000000012,NA,1260,-5.5,TRUE,1096,EUR,EpicBet,gsheets
2025-11-01,2025-11-01,basketball,iceland,female,totals,Valur,KR,under,1.87,0.6445,0.20521500000000004,NA,1395,154.5,FALSE,-1395,EUR,EpicBet,gsheets
2025-10-31,2025-11-01,handball,iceland,female,outcome,Fram,ÍBV,home,2.05,0.62725,0.2858624999999998,NA,3435,NA,FALSE,-3435,EUR,EpicBet,gsheets
2025-10-31,2025-11-01,handball,iceland,female,handicap,Fram,ÍBV,home,2.3,0.55775,0.2828249999999999,NA,2745,-1.5,FALSE,-2745,EUR,EpicBet,gsheets
2025-10-31,2025-11-01,handball,iceland,female,totals,Fram,ÍBV,over,1.9,0.59825,0.13667499999999988,NA,1920,53.5,TRUE,1728,EUR,EpicBet,gsheets
2025-10-31,2025-11-01,handball,iceland,female,outcome,ÍR,Haukar,home,2.65,0.40425,0.0712625,NA,540,NA,TRUE,891,EUR,EpicBet,gsheets
2025-10-31,2025-11-01,handball,iceland,female,totals,ÍR,Haukar,over,1.9,0.57275,0.08822499999999989,NA,1230,52.5,TRUE,1107,EUR,EpicBet,gsheets
2025-10-31,2025-11-01,handball,iceland,female,outcome,Stjarnan,KA/Þór,away,1.75,0.61225,0.07143749999999993,NA,1200,NA,FALSE,-1200,EUR,CoolBet,gsheets
2025-10-31,2025-11-01,handball,iceland,female,totals,Stjarnan,KA/Þór,under,1.9,0.57425,0.09107500000000002,NA,1275,54.5,TRUE,1147,EUR,CoolBet,gsheets
2025-10-31,2025-11-01,handball,iceland,female,outcome,Valur,Selfoss,home,1.15,0.94375,0.0853124999999999,NA,7170,NA,TRUE,1075,EUR,EpicBet,gsheets
2025-10-31,2025-11-01,handball,iceland,female,handicap,Valur,Selfoss,home,1.9,0.72925,0.3855749999999999,NA,5400,-6.5,TRUE,4860,EUR,EpicBet,gsheets
2025-10-31,2025-11-01,handball,iceland,female,totals,Valur,Selfoss,over,1.9,0.661,0.2559,NA,3585,54.5,TRUE,3226,EUR,EpicBet,gsheets
2025-11-03,2025-11-04,basketball,iceland,female,outcome,Njarðvík,Hamar/Þór,home,1.12,0.91125,0.020600000000000104,NA,1110,NA,TRUE,133,EUR,EpicBet,gsheets
2025-11-03,2025-11-04,basketball,iceland,female,handicap,Njarðvík,Hamar/Þór,home,1.87,0.70125,0.31133750000000016,NA,2325,-12.5,TRUE,2023,EUR,CoolBet,gsheets
2025-11-03,2025-11-04,basketball,iceland,female,totals,Njarðvík,Hamar/Þór,over,1.87,0.72375,0.35341250000000013,NA,2640,165.5,FALSE,-2640,EUR,EpicBet,gsheets
2025-11-03,2025-11-04,basketball,iceland,female,totals,Stjarnan,Ármann,under,1.91,0.663,0.26633000000000007,NA,1905,153.5,FALSE,-1905,EUR,EpicBet,gsheets
2025-11-03,2025-11-04,basketball,iceland,female,outcome,Tindastóll,Keflavík,home,3.15,0.51175,0.6120125000000002,NA,1845,NA,FALSE,-1845,EUR,EpicBet,gsheets
2025-11-03,2025-11-04,basketball,iceland,female,handicap,Tindastóll,Keflavík,home,1.83,0.6985,0.27825500000000003,NA,2175,6.5,FALSE,-2175,EUR,EpicBet,gsheets
2025-11-03,2025-11-04,basketball,iceland,female,totals,Tindastóll,Keflavík,over,1.87,0.64075,0.19820250000000017,NA,1485,164.5,TRUE,1292,EUR,CoolBet,gsheets
2025-11-05,2025-11-05,basketball,iceland,female,outcome,Haukar,Valur,home,1.47,0.731,0.07456999999999997,NA,1035,NA,FALSE,-1035,EUR,EpicBet,gsheets
2025-11-05,2025-11-05,basketball,iceland,female,handicap,Haukar,Valur,home,1.87,0.5815,0.08740500000000007,NA,645,-5.5,FALSE,-645,EUR,EpicBet,gsheets
2025-11-05,2025-11-05,basketball,iceland,female,handicap,KR,Grindavík,home,1.83,0.5585,0.022055000000000047,NA,180,3.5,TRUE,149,EUR,EpicBet,gsheets
2025-11-05,2025-11-05,basketball,iceland,female,totals,KR,Grindavík,under,1.83,0.64825,0.1862975,NA,1455,157.5,TRUE,1208,EUR,EpicBet,gsheets
2025-11-05,2025-11-05,handball,iceland,female,outcome,Haukar,Valur,home,3.6,0.382,0.3752000000000001,NA,1815,NA,FALSE,-1815,EUR,EpicBet,gsheets
2025-11-05,2025-11-05,handball,iceland,female,handicap,Haukar,Valur,home,1.9,0.65975,0.2535249999999999,NA,3555,3.5,FALSE,-3555,EUR,EpicBet,gsheets
2025-11-18,2025-11-19,handball,iceland,male,outcome,ÍR,FH,away,1.3,0.77975,0.013675000000000104,NA,690,NA,TRUE,207,EUR,EpicBet,gsheets
2025-11-18,2025-11-19,handball,iceland,male,handicap,ÍR,FH,away,1.9,0.568,0.07919999999999983,NA,1335,3.5,TRUE,1202,EUR,EpicBet,gsheets
2025-11-18,2025-11-19,handball,iceland,male,totals,ÍR,FH,over,1.9,0.556,0.056400000000000006,NA,945,63.5,FALSE,-945,EUR,CoolBet,gsheets
2025-11-19,2025-11-20,basketball,iceland,male,outcome,Grindavík,Tindastóll,home,2.15,0.577,0.24054999999999982,NA,1245,NA,TRUE,1432,EUR,EpicBet,gsheets
2025-11-19,2025-11-20,basketball,iceland,male,handicap,Grindavík,Tindastóll,home,1.9,0.6425,0.2207499999999999,NA,1470,2.5,TRUE,1323,EUR,EpicBet,gsheets
2025-11-19,2025-11-20,basketball,iceland,male,outcome,KR,Valur,home,2,0.635,0.27,NA,1605,NA,FALSE,-1605,EUR,EpicBet,gsheets
2025-11-19,2025-11-20,basketball,iceland,male,handicap,KR,Valur,home,1.8,0.67475,0.2145499999999999,NA,1605,1.5,FALSE,-1605,EUR,EpicBet,gsheets
2025-11-19,2025-11-20,basketball,iceland,male,totals,KR,Valur,under,1.87,0.549,0.026630000000000154,NA,180,176.5,FALSE,-180,EUR,CoolBet,gsheets
2025-11-19,2025-11-20,basketball,iceland,male,handicap,Njarðvík,Ármann,home,1.87,0.613,0.14631000000000005,NA,1005,-21.5,TRUE,874,EUR,CoolBet,gsheets
2025-11-19,2025-11-20,basketball,iceland,male,totals,Njarðvík,Ármann,over,1.87,0.584,0.09207999999999994,NA,630,196.5,FALSE,-630,EUR,CoolBet,gsheets
2025-11-19,2025-11-20,basketball,iceland,male,outcome,Þór Þ.,Stjarnan,home,3.35,0.32575,0.09126250000000002,NA,225,NA,TRUE,529,EUR,CoolBet,gsheets
2025-11-19,2025-11-20,basketball,iceland,male,handicap,Þór Þ.,Stjarnan,home,1.87,0.55425,0.03644750000000008,NA,255,7.5,TRUE,222,EUR,CoolBet,gsheets
2025-11-19,2025-11-20,basketball,iceland,male,totals,Þór Þ.,Stjarnan,over,1.87,0.62625,0.17108750000000006,NA,1170,187.5,TRUE,1018,EUR,CoolBet,gsheets
2025-11-18,2025-11-20,handball,iceland,male,outcome,Afturelding,Selfoss,home,1.22,0.88175,0.07573500000000002,NA,5205,NA,FALSE,-5205,EUR,EpicBet,gsheets
2025-11-18,2025-11-20,handball,iceland,male,handicap,Afturelding,Selfoss,home,1.9,0.6425,0.2207499999999999,NA,3705,-4.5,FALSE,-3705,EUR,EpicBet,gsheets
2025-11-18,2025-11-20,handball,iceland,male,totals,Afturelding,Selfoss,under,1.95,0.59,0.15049999999999997,NA,2400,61.5,FALSE,-2400,EUR,CoolBet,gsheets
2025-11-18,2025-11-20,handball,iceland,male,outcome,Haukar,HK,home,1.28,0.88625,0.1344,NA,7260,NA,TRUE,2033,EUR,EpicBet,gsheets
2025-11-18,2025-11-20,handball,iceland,male,handicap,Haukar,HK,home,1.9,0.674,0.28060000000000007,NA,4710,-4.5,TRUE,4239,EUR,EpicBet,gsheets
2025-11-18,2025-11-20,handball,iceland,male,totals,Haukar,HK,under,1.9,0.67275,0.27822499999999983,NA,4680,61.5,FALSE,-4680,EUR,EpicBet,gsheets
2025-11-18,2025-11-20,handball,iceland,male,outcome,KA,Þór,home,1.72,0.7595,0.30633999999999995,NA,6435,NA,TRUE,4633,EUR,EpicBet,gsheets
2025-11-18,2025-11-20,handball,iceland,male,handicap,KA,Þór,home,1.9,0.69375,0.3181249999999999,NA,5340,-1.5,TRUE,4806,EUR,EpicBet,gsheets
2025-11-18,2025-11-20,handball,iceland,male,totals,KA,Þór,over,1.9,0.728,0.3831999999999999,NA,6435,58.5,TRUE,5791,EUR,EpicBet,gsheets
2025-11-19,2025-11-20,handball,iceland,male,outcome,Haukar,HK,home,1.14,0.9,0.02599999999999994,NA,213,NA,TRUE,30,ISK,Lengjan,gsheets
2025-11-19,2025-11-21,basketball,iceland,male,outcome,ÍA,ÍR,away,1.87,0.577,0.07899,NA,540,NA,FALSE,-540,EUR,EpicBet,gsheets
2025-11-19,2025-11-21,basketball,iceland,male,handicap,ÍA,ÍR,away,1.8,0.62525,0.12544999999999995,NA,930,-1.5,FALSE,-930,EUR,EpicBet,gsheets
2025-11-19,2025-11-21,basketball,iceland,male,totals,ÍA,ÍR,under,1.87,0.63475,0.18698250000000016,NA,1290,186.5,TRUE,1122,EUR,CoolBet,gsheets
2025-11-19,2025-11-21,basketball,iceland,male,outcome,Keflavík,Álftanes,home,1.8,0.66775,0.20194999999999996,NA,1500,NA,TRUE,1200,EUR,EpicBet,gsheets
2025-11-19,2025-11-21,basketball,iceland,male,handicap,Keflavík,Álftanes,home,1.87,0.62525,0.16921750000000002,NA,1155,-1.5,TRUE,1005,EUR,EpicBet,gsheets
2025-11-18,2025-11-21,handball,iceland,male,outcome,Fram,Stjarnan,home,1.75,0.76625,0.3409375,NA,6870,NA,FALSE,-6870,EUR,CoolBet,gsheets
2025-11-18,2025-11-21,handball,iceland,male,handicap,Fram,Stjarnan,home,2,0.699,0.3979999999999999,NA,6015,-1.5,FALSE,-6015,EUR,CoolBet,gsheets
2025-11-18,2025-11-21,handball,iceland,male,totals,Fram,Stjarnan,over,1.9,0.73525,0.39697499999999986,NA,6675,59.5,FALSE,-6675,EUR,EpicBet,gsheets
2025-11-22,2025-11-22,basketball,iceland,female,outcome,Ármann,Njarðvík,home,14,0.11025,0.5434999999999999,NA,255,NA,FALSE,-255,EUR,CoolBet,gsheets
2025-11-22,2025-11-22,basketball,iceland,female,handicap,Ármann,Njarðvík,home,1.87,0.58975,0.1028325000000001,NA,705,20.5,TRUE,613,EUR,CoolBet,gsheets
2025-11-22,2025-11-22,basketball,iceland,female,totals,Ármann,Njarðvík,under,1.87,0.5615,0.05000500000000008,NA,345,162.5,FALSE,-345,EUR,CoolBet,gsheets
2025-11-22,2025-11-22,basketball,iceland,female,outcome,Tindastóll,Hamar/Þór,home,1.4,0.749,0.04859999999999992,NA,720,NA,TRUE,288,EUR,CoolBet,gsheets
2025-11-22,2025-11-22,basketball,iceland,female,handicap,Tindastóll,Hamar/Þór,home,1.91,0.57125,0.09108749999999999,NA,600,-6.5,FALSE,-600,EUR,EpicBet,gsheets
2025-11-22,2025-11-22,basketball,iceland,female,totals,Tindastóll,Hamar/Þór,under,1.91,0.62,0.18419999999999992,NA,1215,167.5,TRUE,1106,EUR,EpicBet,gsheets
2025-11-22,2025-11-22,basketball,iceland,female,outcome,Valur,Grindavík,away,2.05,0.61525,0.26126249999999984,NA,1485,NA,FALSE,-1485,EUR,EpicBet,gsheets
2025-11-22,2025-11-22,basketball,iceland,female,handicap,Valur,Grindavík,away,1.87,0.65475,0.22438250000000015,NA,1545,-1.5,FALSE,-1545,EUR,CoolBet,gsheets
2025-11-22,2025-11-22,basketball,iceland,female,totals,Valur,Grindavík,under,1.87,0.70025,0.3094675000000001,NA,2130,160.5,FALSE,-2130,EUR,CoolBet,gsheets
2025-11-18,2025-11-22,handball,iceland,male,outcome,Valur,ÍBV,home,1.5,0.82,0.22999999999999993,NA,6960,NA,TRUE,3480,EUR,CoolBet,gsheets
2025-11-18,2025-11-22,handball,iceland,male,handicap,Valur,ÍBV,home,1.9,0.70225,0.334275,NA,5610,-2.5,TRUE,5049,EUR,EpicBet,gsheets
2025-11-18,2025-11-22,handball,iceland,male,totals,Valur,ÍBV,over,1.92,0.696,0.33631999999999984,NA,5520,61.5,FALSE,-5520,EUR,CoolBet,gsheets
2025-11-22,2025-11-23,basketball,iceland,female,outcome,Haukar,Stjarnan,away,4.5,0.24625,0.10812499999999992,NA,180,NA,TRUE,630,EUR,CoolBet,gsheets
2025-11-22,2025-11-23,basketball,iceland,female,totals,Haukar,Stjarnan,over,1.87,0.56125,0.04953750000000012,NA,345,164.5,TRUE,300,EUR,CoolBet,gsheets
2025-11-22,2025-11-23,basketball,iceland,female,totals,Keflavík,KR,over,1.91,0.608,0.16127999999999987,NA,1065,165.5,FALSE,-1065,EUR,EpicBet,gsheets
2025-11-26,2025-11-26,basketball,iceland,female,outcome,KR,Hamar/Þór,home,1.35,0.78575,0.0607625,NA,1035,NA,TRUE,362,EUR,EpicBet,gsheets
2025-11-26,2025-11-26,basketball,iceland,female,handicap,KR,Hamar/Þór,home,1.8,0.6435,0.1583,NA,1185,-6.5,FALSE,-1185,EUR,EpicBet,gsheets
2025-11-26,2025-11-26,basketball,iceland,female,totals,KR,Hamar/Þór,under,1.87,0.56,0.047200000000000186,NA,330,162.5,FALSE,-330,EUR,CoolBet,gsheets
2025-11-26,2025-11-26,basketball,iceland,female,outcome,Njarðvík,Haukar,away,4.5,0.27125,0.22062499999999996,NA,375,NA,TRUE,1312,EUR,CoolBet,gsheets
2025-11-26,2025-11-26,basketball,iceland,female,totals,Njarðvík,Haukar,over,1.87,0.619,0.15753000000000006,NA,1080,168.5,TRUE,940,EUR,CoolBet,gsheets
2025-11-25,2025-11-27,handball,iceland,male,outcome,Afturelding,Haukar,away,2,0.59925,0.1984999999999999,NA,3000,NA,FALSE,-3000,EUR,EpicBet,gsheets
2025-11-25,2025-11-27,handball,iceland,male,handicap,Afturelding,Haukar,away,1.9,0.59925,0.1385749999999999,NA,2325,0.5,FALSE,-2325,EUR,CoolBet,gsheets
2025-11-25,2025-11-27,handball,iceland,male,totals,Afturelding,Haukar,under,1.95,0.62375,0.21631250000000002,NA,3450,61.5,TRUE,3278,EUR,CoolBet,gsheets
2025-11-25,2025-11-27,handball,iceland,male,outcome,KA,Selfoss,home,1.5,0.76025,0.14037499999999997,NA,4245,NA,TRUE,2123,EUR,EpicBet,gsheets
2025-11-25,2025-11-27,handball,iceland,male,handicap,KA,Selfoss,home,1.9,0.60825,0.1556749999999999,NA,2610,-2.5,TRUE,2349,EUR,EpicBet,gsheets
2025-11-25,2025-11-27,handball,iceland,male,totals,KA,Selfoss,over,1.9,0.729,0.3850999999999999,NA,6465,59.5,TRUE,5818,EUR,CoolBet,gsheets
2025-11-25,2025-11-27,handball,iceland,male,outcome,Valur,Stjarnan,home,1.37,0.83375,0.14223750000000007,NA,5820,NA,TRUE,2153,EUR,CoolBet,gsheets
2025-11-25,2025-11-27,handball,iceland,male,handicap,Valur,Stjarnan,home,1.96,0.642,0.25832,NA,4065,-3.5,TRUE,3902,EUR,CoolBet,gsheets
2025-11-25,2025-11-27,handball,iceland,male,totals,Valur,Stjarnan,over,1.9,0.57725,0.09677500000000006,NA,1620,59.5,FALSE,-1620,EUR,CoolBet,gsheets
2025-11-28,2025-11-28,basketball,iceland,female,outcome,Grindavík,Keflavík,home,1.5,0.73125,0.09687499999999993,NA,1155,NA,FALSE,-1155,EUR,EpicBet,gsheets
2025-11-28,2025-11-28,basketball,iceland,female,handicap,Grindavík,Keflavík,home,1.83,0.642,0.17486000000000013,NA,1260,-3.5,FALSE,-1260,EUR,EpicBet,gsheets
2025-11-28,2025-11-28,basketball,iceland,female,totals,Grindavík,Keflavík,over,1.91,0.5445,0.03999499999999995,NA,255,166.5,TRUE,232,EUR,EpicBet,gsheets
2025-11-28,2025-11-28,basketball,iceland,male,totals,KV,Haukar,under,1.83,0.66225,0.2119175000000001,NA,1530,180.5,FALSE,-1530,EUR,EpicBet,gsheets
2025-11-28,2025-11-28,basketball,iceland,male,outcome,Selfoss,Hamar,away,4,0.37925,0.517,NA,1035,NA,FALSE,-1035,EUR,CoolBet,gsheets
2025-11-28,2025-11-28,basketball,iceland,male,handicap,Selfoss,Hamar,away,1.87,0.63525,0.18791750000000007,NA,1290,-8.5,FALSE,-1290,EUR,CoolBet,gsheets
2025-11-28,2025-11-28,basketball,iceland,male,totals,Sindri,Fylkir,under,1.87,0.63675,0.19072250000000013,NA,1305,187.5,FALSE,-1305,EUR,EpicBet,gsheets
2025-11-28,2025-11-28,basketball,iceland,female,outcome,Tindastóll,Ármann,away,5,0.29275,0.4637500000000001,NA,690,NA,FALSE,-690,EUR,CoolBet,gsheets
2025-11-28,2025-11-28,basketball,iceland,female,handicap,Tindastóll,Ármann,away,1.87,0.61225,0.14490749999999997,NA,990,-11.5,FALSE,-990,EUR,CoolBet,gsheets
2025-11-28,2025-11-28,basketball,iceland,female,totals,Tindastóll,Ármann,under,1.8,0.68625,0.23525000000000007,NA,1755,162.5,TRUE,1404,EUR,EpicBet,gsheets
2025-11-28,2025-11-28,handball,iceland,male,outcome,Fjölnir,Víkingur,away,1.34,0.78975,0.05826500000000001,NA,2595,NA,TRUE,882,EUR,CoolBet,gsheets
2025-11-28,2025-11-28,handball,iceland,male,handicap,Fjölnir,Víkingur,away,1.91,0.55,0.05049999999999999,NA,840,3.5,FALSE,-840,EUR,CoolBet,gsheets
2025-11-28,2025-11-28,handball,iceland,male,totals,Fjölnir,Víkingur,over,1.9,0.83525,0.586975,NA,9855,55.5,FALSE,-9855,EUR,CoolBet,gsheets
2025-11-25,2025-11-28,handball,iceland,male,outcome,Fram,FH,home,2.85,0.36775,0.04808750000000006,NA,390,NA,FALSE,-390,EUR,CoolBet,gsheets
2025-11-25,2025-11-28,handball,iceland,male,totals,Fram,FH,under,1.89,0.537,0.014929999999999999,NA,255,61.5,TRUE,227,EUR,CoolBet,gsheets
2025-11-25,2025-11-28,handball,iceland,male,outcome,HK,ÍBV,home,2.8,0.47225,0.32230000000000003,NA,2700,NA,FALSE,-2700,EUR,CoolBet,gsheets
2025-11-25,2025-11-28,handball,iceland,male,handicap,HK,ÍBV,home,1.85,0.63175,0.1687375000000001,NA,3000,1.5,FALSE,-3000,EUR,CoolBet,gsheets
2025-11-25,2025-11-28,handball,iceland,male,totals,HK,ÍBV,over,1.77,0.5765,0.020405000000000006,NA,405,60.5,TRUE,312,EUR,CoolBet,gsheets
2025-11-25,2025-11-29,handball,iceland,male,outcome,ÍR,Þór,away,2.53,0.4195,0.06133499999999992,NA,600,NA,FALSE,-600,EUR,CoolBet,gsheets
2025-11-25,2025-11-29,handball,iceland,male,totals,ÍR,Þór,over,1.9,0.64025,0.21647499999999986,NA,3630,62.5,TRUE,3267,EUR,EpicBet,gsheets
2026-01-19,2026-01-19,handball,international,male,outcome,Austria,Serbia,away,1.85,0.62775,0.7890875000000002,NA,795,NA,FALSE,-795,EUR,EpicBet,gsheets
2026-01-19,2026-01-19,handball,international,male,handicap,Austria,Serbia,away,1.8,0.62775,0.7577,NA,690,0.5,FALSE,-690,EUR,EpicBet,gsheets
2026-01-19,2026-01-19,handball,international,male,outcome,Czech Republic,Ukraine,home,1.18,0.87625,0.9102249999999998,NA,795,NA,TRUE,143,EUR,EpicBet,gsheets
2026-01-19,2026-01-19,handball,international,male,totals,Czech Republic,Ukraine,under,1.82,0.62525,0.763205,NA,705,59.5,FALSE,-705,EUR,EpicBet,gsheets
2026-01-19,2026-01-19,handball,international,male,totals,Germany,Spain,over,1.93,0.69975,1.0502675,NA,1590,56.5,TRUE,1479,EUR,EpicBet,gsheets
2026-01-19,2026-01-19,handball,international,male,outcome,Netherlands,Croatia,away,1.55,0.78775,1.0087625,NA,1695,NA,TRUE,932,EUR,EpicBet,gsheets
2026-01-19,2026-01-19,handball,international,male,handicap,Netherlands,Croatia,away,2.07,0.6665,1.0461549999999997,NA,1500,2.5,TRUE,1605,EUR,EpicBet,gsheets
2026-01-19,2026-01-19,handball,international,male,totals,Netherlands,Croatia,over,2,0.616,0.848,NA,975,61.5,TRUE,975,EUR,EpicBet,gsheets
2026-01-19,2026-01-19,handball,international,male,outcome,Norway,France,home,4.7,0.5255,1.9953500000000002,NA,1665,NA,FALSE,-1665,EUR,EpicBet,gsheets
2026-01-19,2026-01-19,handball,international,male,handicap,Norway,France,home,1.97,0.79525,1.3618925,NA,2460,3.5,FALSE,-2460,EUR,EpicBet,gsheets
2026-01-19,2026-01-19,handball,international,male,totals,Norway,France,under,1.72,0.63625,0.7305999999999999,NA,555,64.5,FALSE,-555,EUR,EpicBet,gsheets
2026-01-19,2026-01-19,handball,international,male,totals,Sweden,Georgia,under,1.77,0.651,0.8032700000000002,NA,825,62.5,FALSE,-825,EUR,EpicBet,gsheets
2026-01-20,2026-01-20,basketball,iceland,female,handicap,Haukar,Ármann,home,1.85,0.594,0.09889999999999999,NA,690,-13.5,TRUE,586,EUR,EpicBet,gsheets
2026-01-20,2026-01-20,basketball,iceland,female,totals,Haukar,Ármann,under,1.76,0.706,0.2425599999999999,NA,1905,176.5,FALSE,-1905,EUR,EpicBet,gsheets
2026-01-20,2026-01-20,basketball,iceland,male,outcome,Höttur,Fylkir,home,1.02,0.9885,0.008270000000000065,NA,2475,NA,TRUE,50,EUR,EpicBet,gsheets
2026-01-20,2026-01-20,basketball,iceland,male,handicap,Höttur,Fylkir,home,1.85,0.7345,0.35882500000000017,NA,2520,-25.5,TRUE,2142,EUR,EpicBet,gsheets
2026-01-20,2026-01-20,basketball,iceland,male,totals,Höttur,Fylkir,under,1.87,0.67325,0.2589775000000001,NA,1770,189.5,TRUE,1540,EUR,EpicBet,gsheets
2026-01-20,2026-01-20,basketball,iceland,female,outcome,KR,Valur,away,1.83,0.61475,0.12499250000000006,NA,900,NA,TRUE,747,EUR,EpicBet,gsheets
2026-01-20,2026-01-20,basketball,iceland,female,handicap,KR,Valur,away,1.92,0.5735,0.10111999999999999,NA,660,1.5,TRUE,607,EUR,EpicBet,gsheets
2026-01-20,2026-01-20,basketball,iceland,female,totals,KR,Valur,under,1.85,0.63075,0.16688750000000008,NA,1170,166.5,TRUE,994,EUR,EpicBet,gsheets
2026-01-20,2026-01-20,handball,international,male,outcome,Denmark,Portugal,home,1.06,0.952,0.96112,NA,645,NA,FALSE,-645,EUR,EpicBet,gsheets
2026-01-20,2026-01-20,handball,international,male,handicap,Denmark,Portugal,home,1.87,0.60875,0.7471125000000002,NA,675,-7.5,FALSE,-675,EUR,EpicBet,gsheets
2026-01-20,2026-01-20,handball,international,male,outcome,Hungary,Iceland,home,3.89,0.3385,0.6552650000000002,NA,465,NA,FALSE,-465,EUR,EpicBet,gsheets
2026-01-20,2026-01-20,handball,international,male,handicap,Hungary,Iceland,home,2.02,0.57925,0.7493350000000001,NA,705,2.5,TRUE,719,EUR,EpicBet,gsheets
2026-01-20,2026-01-20,handball,international,male,outcome,Montenegro,Switzerland,home,7.25,0.31775,1.6214374999999996,NA,885,NA,FALSE,-885,EUR,EpicBet,gsheets
2026-01-20,2026-01-20,handball,international,male,handicap,Montenegro,Switzerland,home,1.88,0.7775,1.2391999999999999,NA,2205,5.5,FALSE,-2205,EUR,EpicBet,gsheets
2026-01-20,2026-01-20,handball,international,male,totals,Montenegro,Switzerland,under,1.9,0.59475,0.7247750000000001,NA,615,63.5,FALSE,-615,EUR,EpicBet,gsheets
2026-01-20,2026-01-20,handball,international,male,outcome,North Macedonia,Romania,away,6.68,0.29125,1.2368,NA,705,NA,FALSE,-705,EUR,EpicBet,gsheets
2026-01-20,2026-01-20,handball,international,male,handicap,North Macedonia,Romania,away,1.79,0.75625,1.1099375,NA,1890,-5.5,TRUE,1493,EUR,EpicBet,gsheets
2026-01-20,2026-01-20,handball,international,male,totals,North Macedonia,Romania,under,1.79,0.72625,1.0262374999999997,NA,1605,62.5,TRUE,1268,EUR,EpicBet,gsheets
2026-01-20,2026-01-20,handball,international,male,outcome,Poland,Italy,home,2.76,0.5255,0.9758799999999997,NA,1080,NA,FALSE,-1080,EUR,EpicBet,gsheets
2026-01-20,2026-01-20,handball,international,male,handicap,Poland,Italy,home,1.8,0.67725,0.8963,NA,1155,1.5,TRUE,924,EUR,EpicBet,gsheets
2026-01-20,2026-01-20,handball,international,male,outcome,Slovenia,Faroe Islands,home,2.22,0.82625,1.6605250000000003,NA,1230,NA,TRUE,1501,EUR,EpicBet,gsheets
2026-01-20,2026-01-20,handball,international,male,handicap,Slovenia,Faroe Islands,home,1.81,0.86325,1.4257325,NA,675,0.5,TRUE,547,EUR,EpicBet,gsheets
2026-01-20,2026-01-20,handball,international,male,totals,Slovenia,Faroe Islands,under,1.77,0.89525,1.4798425000000002,NA,3195,67.5,TRUE,2460,EUR,EpicBet,gsheets
2026-01-21,2026-01-21,basketball,iceland,female,outcome,Njarðvík,Keflavík,home,1.39,0.798,0.10921999999999998,NA,1665,NA,TRUE,649,EUR,EpicBet,gsheets
2026-01-21,2026-01-21,basketball,iceland,female,handicap,Njarðvík,Keflavík,home,1.88,0.66825,0.2563099999999999,NA,1740,-5.5,TRUE,1531,EUR,EpicBet,gsheets
2026-01-21,2026-01-21,basketball,iceland,female,totals,Njarðvík,Keflavík,over,1.88,0.70425,0.32399,NA,2205,173.5,FALSE,-2205,EUR,EpicBet,gsheets
2026-01-21,2026-01-21,basketball,iceland,female,outcome,Tindastóll,Grindavík,away,1.37,0.7555,0.03503500000000004,NA,570,NA,TRUE,211,EUR,EpicBet,gsheets
2026-01-21,2026-01-21,basketball,iceland,female,handicap,Tindastóll,Grindavík,away,1.88,0.6175,0.16090000000000004,NA,1095,5.5,FALSE,-1095,EUR,EpicBet,gsheets
2026-01-21,2026-01-21,handball,iceland,female,handicap,Stjarnan,Haukar,away,1.9,0.53725,0.020774999999999988,NA,345,3.5,TRUE,310,EUR,EpicBet,gsheets
2026-01-20,2026-01-21,handball,iceland,female,totals,Stjarnan,Haukar,under,1.85,0.6585,0.218225,NA,3885,58.5,TRUE,3302,EUR,EpicBet,gsheets
2026-01-21,2026-01-21,handball,international,male,handicap,Netherlands,Georgia,away,1.92,0.6495,0.8965399999999999,NA,1125,-5.5,TRUE,1035,EUR,EpicBet,gsheets
2026-01-21,2026-01-21,handball,international,male,totals,Netherlands,Georgia,under,1.88,0.713,1.0534399999999997,NA,1635,66.5,TRUE,1439,EUR,EpicBet,gsheets
2026-01-21,2026-01-21,handball,international,male,totals,Sweden,Croatia,over,1.84,0.6225,0.7679000000000002,NA,735,59.5,FALSE,-735,EUR,EpicBet,gsheets
2026-01-21,2026-01-22,basketball,iceland,male,outcome,Álftanes,ÍA,home,1.1,0.925,0.017500000000000127,NA,1050,NA,TRUE,105,EUR,EpicBet,gsheets
2026-01-21,2026-01-22,basketball,iceland,male,handicap,Álftanes,ÍA,home,1.93,0.63125,0.2183124999999999,NA,1395,-16.5,FALSE,-1395,EUR,EpicBet,gsheets
2026-01-21,2026-01-22,basketball,iceland,male,totals,Álftanes,ÍA,under,1.85,0.6305,0.16642499999999993,NA,1170,185.5,FALSE,-1170,EUR,EpicBet,gsheets
2026-01-21,2026-01-22,basketball,iceland,male,outcome,ÍR,Stjarnan,home,3.86,0.306,0.18116,NA,375,NA,FALSE,-375,EUR,EpicBet,gsheets
2026-01-21,2026-01-22,basketball,iceland,male,handicap,ÍR,Stjarnan,home,1.89,0.56125,0.0607625,NA,405,8.5,FALSE,-405,EUR,EpicBet,gsheets
2026-01-21,2026-01-22,basketball,iceland,male,handicap,Keflavík,Ármann,home,1.87,0.61825,0.15612749999999997,NA,1065,-14.5,FALSE,-1065,EUR,EpicBet,gsheets
2026-01-21,2026-01-22,basketball,iceland,male,totals,Valur,Þór Þ.,under,1.85,0.576,0.06559999999999999,NA,465,185.5,TRUE,395,EUR,EpicBet,gsheets
2026-01-22,2026-01-22,handball,international,male,outcome,Denmark,France,home,1.55,0.78225,0.9947374999999999,NA,1620,NA,TRUE,891,EUR,EpicBet,gsheets
2026-01-22,2026-01-22,handball,international,male,handicap,Denmark,France,home,2.03,0.6405,0.9407149999999999,NA,1230,-2.5,TRUE,1267,EUR,EpicBet,gsheets
2026-01-22,2026-01-22,handball,international,male,totals,Denmark,France,over,1.81,0.657,0.8461700000000001,NA,990,63.5,FALSE,-990,EUR,EpicBet,gsheets
2026-01-22,2026-01-22,handball,international,male,totals,Germany,Portugal,over,1.97,0.63175,0.8762975000000002,NA,1065,61.5,TRUE,1033,EUR,EpicBet,gsheets
2026-01-22,2026-01-22,handball,international,male,outcome,Norway,Spain,home,2.2,0.755,1.4160000000000004,NA,2325,NA,TRUE,2790,EUR,EpicBet,gsheets
2026-01-22,2026-01-22,handball,international,male,handicap,Norway,Spain,home,1.71,0.81075,1.1971325,NA,2295,0.5,TRUE,1629,EUR,EpicBet,gsheets
2026-01-23,2026-01-23,basketball,iceland,male,outcome,Haukar,Selfoss,home,1.17,0.916,0.07171999999999998,NA,2520,NA,TRUE,428,EUR,EpicBet,gsheets
2026-01-23,2026-01-23,basketball,iceland,male,handicap,Haukar,Selfoss,home,1.87,0.741,0.38567000000000007,NA,2640,-10.5,TRUE,2297,EUR,EpicBet,gsheets
2026-01-23,2026-01-23,basketball,iceland,male,totals,Haukar,Selfoss,over,1.87,0.624,0.16688000000000003,NA,1140,175.5,FALSE,-1140,EUR,EpicBet,gsheets
2026-01-23,2026-01-23,basketball,iceland,male,outcome,Tindastóll,Njarðvík,away,6.68,0.19825,0.3243100000000001,NA,345,NA,FALSE,-345,EUR,EpicBet,gsheets
2026-01-23,2026-01-23,basketball,iceland,male,handicap,Tindastóll,Njarðvík,away,1.93,0.5555,0.07211499999999993,NA,465,-14.5,FALSE,-465,EUR,EpicBet,gsheets
2026-01-23,2026-01-23,basketball,iceland,male,totals,Tindastóll,Njarðvík,under,1.89,0.57175,0.08060749999999994,NA,540,192.5,FALSE,-540,EUR,EpicBet,gsheets
2026-01-23,2026-01-23,handball,international,male,outcome,Switzerland,Hungary,away,1.42,0.76075,0.8410150000000001,NA,810,NA,FALSE,-810,EUR,EpicBet,gsheets
2026-01-23,2026-01-23,handball,international,male,handicap,Switzerland,Hungary,away,1.85,0.607,0.7299500000000001,NA,615,2.5,FALSE,-615,EUR,EpicBet,gsheets
2026-01-23,2026-01-23,handball,international,male,totals,Switzerland,Hungary,over,1.97,0.573,0.7018099999999998,NA,555,57.5,TRUE,538,EUR,EpicBet,gsheets
2026-01-23,2026-01-24,handball,iceland,female,outcome,ÍBV,Valur,away,1.6,0.64925,0.03880000000000006,NA,975,NA,TRUE,585,EUR,EpicBet,gsheets
2026-01-23,2026-01-24,handball,iceland,female,totals,ÍBV,Valur,under,1.9,0.7005,0.33094999999999997,NA,5565,58.5,TRUE,5008,EUR,EpicBet,gsheets
2026-01-24,2026-01-24,handball,international,male,outcome,Denmark,Spain,home,1.14,0.9305,0.99127,NA,1830,NA,TRUE,256,EUR,EpicBet,gsheets
2026-01-24,2026-01-24,handball,international,male,handicap,Denmark,Spain,home,1.9,0.69875,1.0263749999999998,NA,1530,-5.5,FALSE,-1530,EUR,EpicBet,gsheets
2026-01-24,2026-01-24,handball,international,male,outcome,France,Portugal,home,1.45,0.73975,0.8123874999999999,NA,675,NA,TRUE,304,EUR,EpicBet,gsheets
2026-01-24,2026-01-24,handball,international,male,totals,France,Portugal,over,2.02,0.60675,0.832385,NA,930,64.5,TRUE,949,EUR,EpicBet,gsheets
2026-01-24,2026-01-24,handball,international,male,outcome,Norway,Germany,home,3.45,0.714,2.1773,NA,2520,NA,FALSE,-2520,EUR,EpicBet,gsheets
2026-01-24,2026-01-24,handball,international,male,handicap,Norway,Germany,home,1.9,0.8785,1.54765,NA,3135,2.5,TRUE,2821,EUR,EpicBet,gsheets
2026-01-24,2026-01-24,handball,international,male,totals,Norway,Germany,under,1.76,0.6215,0.7153400000000002,NA,525,62.5,TRUE,399,EUR,EpicBet,gsheets
2026-01-23,2026-01-25,handball,iceland,female,outcome,KA/Þór,Fram,away,1.85,0.61525,0.13821249999999996,NA,2460,NA,TRUE,2091,EUR,EpicBet,gsheets
2026-01-24,2026-01-25,handball,iceland,female,handicap,KA/Þór,Fram,away,2.15,0.54525,0.17228749999999993,NA,2265,1.5,FALSE,-2265,EUR,EpicBet,gsheets
2026-01-23,2026-01-25,handball,iceland,female,totals,KA/Þór,Fram,under,1.76,0.7055,0.24168,NA,4815,55.5,TRUE,3659,EUR,EpicBet,gsheets
2026-01-24,2026-01-25,handball,iceland,female,handicap,Selfoss,ÍR,away,1.9,0.53775,0.021724999999999883,NA,360,2.5,TRUE,324,EUR,EpicBet,gsheets
2026-01-26,2026-01-26,basketball,iceland,male,outcome,Keflavík,Tindastóll,home,2.64,0.42475,0.12134,NA,435,NA,TRUE,713,EUR,EpicBet,gsheets
2026-01-26,2026-01-26,basketball,iceland,male,handicap,Keflavík,Tindastóll,home,2,0.567,0.1339999999999999,NA,795,4.5,TRUE,795,EUR,EpicBet,gsheets
2026-01-26,2026-01-26,basketball,iceland,male,totals,Keflavík,Tindastóll,over,1.89,0.6345,0.19920499999999985,NA,1335,183.5,FALSE,-1335,EUR,EpicBet,gsheets
2026-01-26,2026-01-26,handball,international,male,outcome,Denmark,Germany,home,1.25,0.90125,1.0278125,NA,2130,NA,TRUE,533,EUR,EpicBet,gsheets
2026-01-26,2026-01-26,handball,international,male,handicap,Denmark,Germany,home,1.91,0.699,1.03409,NA,1545,-4.5,TRUE,1406,EUR,EpicBet,gsheets
2026-01-26,2026-01-26,handball,international,male,outcome,Norway,Portugal,home,2.45,0.77275,1.6659875000000004,NA,2595,NA,FALSE,-2595,EUR,EpicBet,gsheets
2026-01-26,2026-01-26,handball,international,male,handicap,Norway,Portugal,home,1.9,0.82875,1.403375,NA,2685,0.5,TRUE,2416,EUR,EpicBet,gsheets
2026-01-26,2026-01-26,handball,international,male,totals,Norway,Portugal,under,1.81,0.62025,0.7429025,NA,630,64.5,FALSE,-630,EUR,EpicBet,gsheets
2026-01-26,2026-01-26,handball,international,male,handicap,Spain,France,home,1.92,0.58225,0.7001700000000001,NA,540,4.5,TRUE,497,EUR,EpicBet,gsheets
2026-01-27,2026-01-27,basketball,iceland,female,outcome,Ármann,Stjarnan,away,1.64,0.7145,0.17178,NA,1605,NA,TRUE,1027,EUR,EpicBet,gsheets
2026-01-27,2026-01-27,basketball,iceland,female,handicap,Ármann,Stjarnan,away,1.74,0.672,0.16928000000000004,NA,1365,1.5,TRUE,1010,EUR,EpicBet,gsheets
2026-01-27,2026-01-27,basketball,iceland,female,outcome,Grindavík,KR,home,1.28,0.84875,0.08640000000000003,NA,1845,NA,FALSE,-1845,EUR,EpicBet,gsheets
2026-01-27,2026-01-27,basketball,iceland,female,handicap,Grindavík,KR,home,1.87,0.67825,0.26832750000000016,NA,1845,-7.5,FALSE,-1845,EUR,EpicBet,gsheets
2026-01-27,2026-01-27,basketball,iceland,female,totals,Grindavík,KR,under,1.86,0.59625,0.10902499999999993,NA,750,162.5,TRUE,645,EUR,EpicBet,gsheets
2026-01-27,2026-01-27,basketball,iceland,female,outcome,Keflavík,Tindastóll,home,1.36,0.75875,0.031900000000000095,NA,525,NA,TRUE,189,EUR,EpicBet,gsheets
2026-01-27,2026-01-27,basketball,iceland,female,handicap,Keflavík,Tindastóll,home,1.79,0.58575,0.048492499999999994,NA,360,-6.5,TRUE,284,EUR,EpicBet,gsheets
2026-01-27,2026-01-27,basketball,iceland,female,totals,Keflavík,Tindastóll,over,1.93,0.538,0.03834000000000004,NA,240,169.5,TRUE,223,EUR,EpicBet,gsheets
2026-01-27,2026-01-27,handball,international,male,outcome,Switzerland,Iceland,away,1.26,0.84825,0.9170449999999999,NA,1110,NA,FALSE,-1110,EUR,EpicBet,gsheets
2026-01-27,2026-01-27,handball,international,male,handicap,Switzerland,Iceland,away,2.02,0.5965,0.8014300000000001,NA,840,4.5,FALSE,-840,EUR,EpicBet,gsheets
2026-01-27,2026-01-27,handball,international,male,totals,Switzerland,Iceland,under,1.96,0.6045,0.78932,NA,810,59.5,FALSE,-810,EUR,EpicBet,gsheets
2026-01-27,2026-01-29,handball,iceland,female,outcome,Haukar,ÍR,home,1.8,0.71925,0.29464999999999997,NA,5565,NA,TRUE,4452,EUR,EpicBet,gsheets
2026-01-28,2026-01-29,handball,iceland,female,handicap,Haukar,ÍR,home,2.15,0.65225,0.4023374999999999,NA,5295,-1.5,FALSE,-5295,EUR,EpicBet,gsheets
2026-01-27,2026-01-29,handball,iceland,female,totals,Haukar,ÍR,under,1.97,0.72225,0.42283249999999983,NA,6585,56.5,TRUE,6387,EUR,EpicBet,gsheets
2026-01-27,2026-01-29,handball,iceland,female,outcome,ÍBV,Fram,home,1.6,0.73125,0.16999999999999998,NA,4290,NA,TRUE,2574,EUR,EpicBet,gsheets
2026-01-28,2026-01-29,handball,iceland,female,handicap,ÍBV,Fram,home,1.8,0.671,0.2078000000000001,NA,3930,-1.5,FALSE,-3930,EUR,EpicBet,gsheets
2026-01-27,2026-01-29,handball,iceland,female,totals,ÍBV,Fram,over,1.9,0.565,0.0734999999999999,NA,1230,56.5,TRUE,1107,EUR,EpicBet,gsheets
2026-01-27,2026-01-29,handball,iceland,female,outcome,KA/Þór,Stjarnan,away,3.05,0.3545,0.08122499999999999,NA,600,NA,FALSE,-600,EUR,EpicBet,gsheets
2026-01-27,2026-01-29,handball,iceland,female,totals,KA/Þór,Stjarnan,under,1.76,0.778,0.36928000000000005,NA,7350,55.5,TRUE,5586,EUR,EpicBet,gsheets
2026-01-27,2026-01-29,handball,iceland,female,outcome,Selfoss,Valur,away,1.05,0.96475,0.01298750000000004,NA,3930,NA,TRUE,197,EUR,EpicBet,gsheets
2026-01-28,2026-01-29,handball,iceland,female,handicap,Selfoss,Valur,away,1.85,0.65975,0.22053749999999994,NA,3930,8.5,TRUE,3340,EUR,EpicBet,gsheets
2026-01-27,2026-01-29,handball,iceland,female,totals,Selfoss,Valur,over,1.85,0.706,0.30610000000000004,NA,5445,55.5,FALSE,-5445,EUR,EpicBet,gsheets
2026-01-30,2026-01-30,basketball,iceland,male,outcome,Stjarnan,Tindastóll,home,1.6,0.687,0.09920000000000012,NA,990,NA,NA,NA,EUR,EpicBet,gsheets
2026-01-30,2026-01-30,basketball,iceland,male,outcome,Þór Þ.,Keflavík,home,2.28,0.51075,0.16450999999999993,NA,765,NA,NA,NA,EUR,EpicBet,gsheets
2026-01-30,2026-01-30,basketball,iceland,male,handicap,Breiðablik,KV,home,1.87,0.5875,0.09862500000000007,NA,675,-9.5,NA,NA,EUR,EpicBet,gsheets
2026-01-30,2026-01-30,basketball,iceland,male,handicap,Fylkir,Skallagrímur,home,1.91,0.65525,0.2515274999999999,NA,1650,21.5,NA,NA,EUR,EpicBet,gsheets
2026-01-30,2026-01-30,basketball,iceland,male,handicap,Sindri,Snæfell,home,1.86,0.6065,0.12809000000000015,NA,885,-15.5,NA,NA,EUR,EpicBet,gsheets
2026-01-30,2026-01-30,basketball,iceland,male,handicap,Stjarnan,Tindastóll,home,1.9,0.59225,0.12527500000000003,NA,825,-3.5,NA,NA,EUR,EpicBet,gsheets
2026-01-30,2026-01-30,basketball,iceland,male,handicap,Þór Ak.,Haukar,home,1.87,0.59525,0.11311749999999998,NA,780,20.5,NA,NA,EUR,EpicBet,gsheets
2026-01-30,2026-01-30,basketball,iceland,male,handicap,Þór Þ.,Keflavík,home,1.88,0.606,0.13927999999999985,NA,945,3.5,NA,NA,EUR,EpicBet,gsheets
2026-01-30,2026-01-30,basketball,iceland,male,totals,Fylkir,Skallagrímur,over,1.85,0.61925,0.14561250000000003,NA,1020,194.5,NA,NA,EUR,EpicBet,gsheets
2026-01-30,2026-01-30,basketball,iceland,male,totals,Sindri,Snæfell,under,1.9,0.57175,0.08632499999999987,NA,570,181.1,NA,NA,EUR,EpicBet,gsheets
2026-01-30,2026-01-30,basketball,iceland,male,totals,Þór Ak.,Haukar,under,1.87,0.5965,0.11545500000000009,NA,795,183.5,NA,NA,EUR,EpicBet,gsheets
2026-01-30,2026-01-30,basketball,iceland,male,totals,Þór Þ.,Keflavík,over,1.96,0.55925,0.09613000000000005,NA,600,191.5,NA,NA,EUR,EpicBet,gsheets
2026-01-29,2026-01-30,handball,international,male,outcome,Denmark,Iceland,home,1.2,0.88325,0.9431499999999998,NA,1260,NA,TRUE,252,EUR,EpicBet,gsheets
2026-01-29,2026-01-30,handball,international,male,outcome,Germany,Croatia,away,3.6,0.38025,0.74915,NA,600,NA,NA,NA,EUR,EpicBet,gsheets
2026-01-29,2026-01-30,handball,international,male,handicap,Germany,Croatia,away,1.88,0.6305,0.8158399999999998,NA,885,-2.5,NA,NA,EUR,EpicBet,gsheets
2026-01-29,2026-01-30,handball,international,male,outcome,Sweden,Portugal,home,1.7,0.763,1.0600999999999998,NA,1785,NA,FALSE,-1785,EUR,EpicBet,gsheets
2026-01-29,2026-01-30,handball,international,male,handicap,Sweden,Portugal,home,1.89,0.69975,1.0222775,NA,1530,-1.5,FALSE,-1530,EUR,EpicBet,gsheets
2026-01-29,2026-01-30,handball,international,male,totals,Sweden,Portugal,over,2.04,0.5565,0.6917599999999999,NA,540,64.5,TRUE,562,EUR,EpicBet,gsheets
2026-02-03,2026-02-04,handball,iceland,male,outcome,HK,FH,away,1.33,0.777,0.033410000000000106,NA,1920,NA,TRUE,634,EUR,EpicBet,gsheets
2026-02-04,2026-02-04,handball,iceland,male,handicap,HK,FH,away,1.85,0.55425,0.025362500000000066,NA,570,3.5,FALSE,-570,EUR,EpicBet,gsheets
2026-02-03,2026-02-04,handball,iceland,male,totals,HK,FH,under,2,0.68325,0.36650000000000005,NA,6945,59.5,FALSE,-6945,EUR,EpicBet,gsheets
2026-02-03,2026-02-04,handball,iceland,male,totals,ÍBV,Selfoss,over,2,0.566,0.1319999999999999,NA,2505,62.5,TRUE,2505,EUR,EpicBet,gsheets
2026-02-03,2026-02-04,handball,iceland,male,outcome,ÍR,KA,home,5,0.37925,0.8962499999999999,NA,4245,NA,FALSE,-4245,EUR,EpicBet,gsheets
2026-02-04,2026-02-04,handball,iceland,male,handicap,ÍR,KA,home,1.97,0.7035,0.385895,NA,7545,3.5,FALSE,-7545,EUR,EpicBet,gsheets
2026-02-03,2026-02-04,handball,iceland,male,totals,ÍR,KA,over,1.7,0.77675,0.32047500000000007,NA,8685,63.5,TRUE,6079,EUR,EpicBet,gsheets
2026-02-04,2026-02-04,handball,iceland,male,outcome,ÍR,KA,home,4.35,0.4245,0.8465749999999997,NA,291,NA,NA,NA,ISK,Lengjan,gsheets
2026-02-03,2026-02-05,handball,iceland,male,outcome,Fram,Afturelding,home,2.35,0.48625,0.1426875000000002,NA,2010,NA,TRUE,2714,EUR,EpicBet,gsheets
2026-02-04,2026-02-05,handball,iceland,male,handicap,Fram,Afturelding,home,1.57,0.64825,0.017752500000000004,NA,585,1.5,TRUE,333,EUR,EpicBet,gsheets
2026-02-03,2026-02-05,handball,iceland,male,totals,Fram,Afturelding,over,1.95,0.5695,0.11052499999999998,NA,2205,60.5,FALSE,-2205,EUR,EpicBet,gsheets
2026-02-03,2026-02-05,handball,iceland,male,outcome,Stjarnan,Þór,home,1.9,0.71125,0.351375,NA,7395,NA,FALSE,-7395,EUR,EpicBet,gsheets
2026-02-04,2026-02-05,handball,iceland,male,handicap,Stjarnan,Þór,home,2.15,0.641,0.37815,NA,6240,-1.5,FALSE,-6240,EUR,EpicBet,gsheets
2026-02-03,2026-02-05,handball,iceland,male,totals,Stjarnan,Þór,under,1.96,0.57375,0.12454999999999994,NA,2460,58.5,TRUE,2362,EUR,EpicBet,gsheets
2026-02-03,2026-02-05,handball,iceland,male,outcome,Valur,Haukar,away,2.65,0.404,0.0706,NA,810,NA,TRUE,1336,EUR,EpicBet,gsheets
2026-02-04,2026-02-05,handball,iceland,male,outcome,Stjarnan,Þór,home,1.78,0.747,0.32966000000000006,NA,487,NA,NA,NA,ISK,Lengjan,gsheets
2026-03-04,2026-03-04,basketball,iceland,female,outcome,Keflavík,Tindastóll,away,3.45,0.428,0.48,0.1,383,NA,FALSE,-383,ISK,Lengjan,pipeline
2026-03-04,2026-03-04,basketball,iceland,female,outcome,Ármann,Stjarnan,home,2.96,0.405,0.2,0.05,200,NA,FALSE,-200,ISK,Lengjan,pipeline
2026-03-04,2026-03-04,football,england,male,outcome,Manchester City,Nottingham,home,1.37,0.7845,0.07,0.04,202,NA,NA,NA,ISK,Lengjan,pipeline
2026-03-04,2026-03-04,football,england,male,outcome,Newcastle,Manchester Utd,home,2.48,0.5335,0.32,0.04,218,NA,NA,NA,ISK,Lengjan,pipeline
2026-03-04,2026-03-04,handball,iceland,male,totals,Þór,Haukar,under,2.04,0.595,0.21,0.1,405,59.5,FALSE,-405,ISK,Lengjan,pipeline
2026-03-04,2026-03-05,handball,iceland,male,outcome,FH,Afturelding,home,1.8,0.695,0.25,0.12,457,NA,NA,NA,ISK,Lengjan,pipeline
2026-03-04,2026-03-05,handball,iceland,male,totals,FH,Afturelding,under,1.9,0.685,0.3,0.13,528,59.5,NA,NA,ISK,Lengjan,pipeline
2026-03-04,2026-03-07,football,england,male,handicap,Charlton,Birmingham,home,1.19,0.8785,0.05,0.05,238,2,NA,NA,ISK,Lengjan,pipeline
2026-03-04,2026-03-07,football,england,male,handicap,Huddersfield,Rotherham,home,1.01,0.994,0,0.08,393,3,NA,NA,ISK,Lengjan,pipeline
2026-03-04,2026-03-07,football,italy,male,handicap,Avellino,Padova,home,1.24,0.87575,0.09,0.09,270,1,NA,NA,ISK,Lengjan,pipeline
2026-03-04,2026-03-07,football,italy,male,handicap,Cagliari,Como,home,2.12,0.69775,0.48,0.09,272,1,NA,NA,ISK,Lengjan,pipeline
2026-03-04,2026-03-07,football,italy,male,handicap,Spezia,Monza,home,1.66,0.75075,0.25,0.1,283,1,NA,NA,ISK,Lengjan,pipeline
2026-03-04,2026-03-07,football,italy,male,handicap,Venezia,Reggiana,away,1.67,0.7005,0.17,0.08,241,-2,NA,NA,ISK,Lengjan,pipeline
2026-03-04,2026-03-07,football,italy,male,outcome,Avellino,Padova,home,2.1,0.58725,0.23,0.08,228,NA,NA,NA,ISK,Lengjan,pipeline
2026-03-04,2026-03-08,football,italy,male,handicap,Carrarese,Palermo,home,1.64,0.68175,0.12,0.08,225,1,NA,NA,ISK,Lengjan,pipeline
2026-03-04,2026-03-08,football,italy,male,handicap,Catanzaro,Empoli,away,1.75,0.6785,0.19,0.08,250,-1,NA,NA,ISK,Lengjan,pipeline
